"","latitude","longitude","logk","mean_mean_daily_temp_str","aet_mm_uyr","AETmonth","clay","cly_pc_uav","crp_pc_use","log10DRPc","elev","log10ero_kh_uav","for_pc_use","log10inu_pc_umx","ire_pc_use","kar_pc_use","log10lka_pc_use","log10lkv_mc_usu","log10NO3c","ocd","log10pop_ct_usu","log10ppd_pk_uav","pre_mm_uyr","log10precipmonth","pst_pc_use","log10rdd_mk_uav","log10riv_tc_usu","run_mm_syr","sand","log10sgr_dk_sav","silt","slope","slp_dg_uav","slt_pc_uav","snd_pc_uav","snowmonth","snw_pc_uyr","soc_th_uav","soilwatermonth","sphw","swc_pc_uyr","tempmonth","tmp_dc_smx","tmp_dc_uyr","log10TNdep","tns","log10Total.Soil.P","log10TPdep","tpi","urb_pc_use","wet_pc_ug1","log10TN2TP","mean_mean_daily_temp_rip","diff"
"1",46.4413889,8.5269444,-4.6548238778903,5.2,479,47,14,14,5,-1.48766433414457,2222.8125,4.06460772013063,42,1.54406804435028,0,5,0.176091259055681,1.51851393987789,0.511821421396084,6.09999990463257,0.276921132065774,0.933942602741261,1662,2.13672056715641,40,2.22788670461367,2.03904114005443,1533,50,3.22141423784234,34,25.2225799560547,30.9,40,46,1,40,78,100,5.40000009536743,100,7.3,10.2,1.8,3.02738080554128,7.5,2.48812264618093,1.14451046741041,14.828125,0,1,4.52020345903748,4.4,0.007782459
"2",46.4559722,8.5140278,-5.34070579561988,NA,479,47,15,14,5,-1.49322707490213,2201.5625,4.06460772013063,42,1.54406804435028,0,5,0.176091259055681,1.51851393987789,0.499413731222312,5.80000019073486,0.276921132065774,0.933942602741261,1662,2.13672056715641,40,2.22788670461367,2.03904114005443,1533,47,3.22141423784234,34,14.5142307281494,30.9,40,46,1,40,78,100,5.59999990463257,100,7.3,10.2,1.8,3.02738080554128,6.80000019073486,2.48812264618093,1.14451046741041,3.21875,0,1,4.52020345903748,6,0.002538358
"3",46.4519444,8.5288889,-6.19970914115436,5.2,479,47,15,14,5,-1.48766433414457,2403.4375,4.06460772013063,42,1.54406804435028,0,5,0.176091259055681,1.51851393987789,0.511821421396084,5.59999990463257,0.276921132065774,0.933942602741261,1662,2.13672056715641,40,2.22788670461367,2.03904114005443,1533,46,3.22141423784234,36,24.1556873321533,30.9,40,46,1,40,78,100,5.69999980926514,100,7.3,10.2,1.8,3.02738080554128,6.09999990463257,2.48812264618093,1.14451046741041,2.828125,0,1,4.52020345903748,3.7,0.000282323
"4",46.4469444,8.5383333,-6.42996392791457,7.9,479,47,16,14,5,-1.48766433414457,2340.9375,4.06460772013063,42,1.54406804435028,0,5,0.176091259055681,1.51851393987789,0.511821421396084,5.69999980926514,0.276921132065774,0.933942602741261,1662,2.13672056715641,40,2.22788670461367,2.03904114005443,1533,45,3.22141423784234,38,17.8317432403564,30.9,40,46,1,40,78,100,5.69999980926514,100,7.3,10.2,1.8,3.02738080554128,6.40000009536743,2.48812264618093,1.14451046741041,-13.734375,0,1,4.52020345903748,NA,-4.0254e-05
"5",56.9749667,25.6227667,-3.8907484227743,4.1,471,17,18,13,7,-1.59636005820323,195.5,1.77815125038364,39,0.301029995663981,0,0,0.633468455579587,1.97772360528885,-0.908625731262431,6.5,0.761175813155731,1.01443652783167,705,1.81291335664286,6,2.67486114073781,2.61629167441717,311,44,1.27875360095283,36,0.967207670211792,1.6,40,46,37,39,62,83,5.19999980926514,88,5.9,16.2,4.8,2.67367404272272,10.8000001907349,2.2868862662509,0.937867903316337,0.8125,0,3,4.37313926031299,3.8,0.00429278
"6",56.9786833,25.6265833,-4.07460270147805,3.7,471,17,20,13,7,-1.588106330636,191.9375,1.77815125038364,39,0.301029995663981,0,0,0.633468455579587,1.97772360528885,-0.910927286809933,6.69999980926514,0.761175813155731,1.01443652783167,705,1.81291335664286,6,2.67486114073781,2.61629167441717,311,40,1.27875360095283,38,0.914826512336731,1.6,40,46,37,39,62,83,5.30000019073486,88,5.9,16.2,4.8,2.67367404272272,11.6999998092651,2.2868862662509,0.937867903316337,0.6796875,0,3,4.37313926031299,3.5,-0.001665764
"7",57.1992167,25.1550667,-3.21317209709371,6,460,17,19,12,3,-1.59471352027356,115.9375,1.6232492903979,52,0,0,0,0.0791812460476248,0.602059991327962,-0.92751343621773,6.59999990463257,1.01426845720964,1.39851289936342,689,1.81291335664286,2,2.61489721603313,2.52767500329742,336,45,1.77085201164214,33,0.996023416519165,1.8,38,49,34,41,66,82,5.69999980926514,88,6.3,16.4,4.9,2.67367404272272,11.6999998092651,2.2868862662509,0.937867903316337,-1.0078125,0,0,4.37313926031299,4.9,0.018437169
"8",57.2025,25.2266667,-3.90655438562398,4.1,460,17,16,12,3,-1.60048399792455,139.125,1.6232492903979,52,0,0,0,0.0791812460476248,0.602059991327962,-0.926324351804754,6.59999990463257,1.01426845720964,1.39851289936342,689,1.81291335664286,2,2.61489721603313,2.52767500329742,336,52,1.77085201164214,30,1.25830471515656,1.8,38,49,34,41,66,82,5.5,88,6.3,16.4,4.9,2.67367404272272,11.6000003814697,2.2868862662509,0.937867903316337,0.3203125,0,0,4.37313926031299,3.8,-0.001395119
"9",17.7863778,97.9964361,-1.85859523822008,28.7,1053,43,29,26,6,-1.88918442719946,224.3125,3.60227708430019,20,0,0,20,0,0,-1.29237466922789,3.09999990463257,1.34713478291002,1.41173752181736,1355,1.64345267648619,0,2.60097289568675,3.17493768986541,932,42,2.72672720902657,26,7.80170774459839,17.6,28,46,0,0,35,22,5.69999980926514,65,28.8,28.8,24.5,2.89495026839126,2.40000009536743,2.4039779375281,1.72276952187274,-3.6328125,0,0,3.80951386742513,31,0.137975385
"10",17.7846028,97.9966417,-3.24693847340609,30.2,1053,43,29,26,6,-1.88918442719946,224.3125,3.60227708430019,20,0,0,20,0,0,-1.29237466922789,3.09999990463257,1.34713478291002,1.41173752181736,1355,1.64345267648619,0,2.60097289568675,3.17493768986541,932,42,2.72672720902657,26,7.80170774459839,17.6,28,46,0,0,35,22,5.69999980926514,65,28.8,28.8,24.5,2.89495026839126,2.40000009536743,2.4039779375281,1.72276952187274,-3.6328125,0,0,3.80951386742513,35.5,0.011413461
"11",17.7543,98.0148778,-2.4671511635147,26.5,1053,43,27,26,6,-1.81095040681738,238.375,3.60227708430019,20,0,0,20,0,0,-0.165979463479891,3.09999990463257,1.34713478291002,1.41173752181736,1355,1.64345267648619,0,2.60097289568675,3.17493768986541,932,43,2.72672720902657,27,11.6251802444458,17.6,28,46,0,0,35,22,5.69999980926514,65,28.8,28.8,24.5,2.89495026839126,2.5,2.27818178456752,1.72276952187274,-13.0390625,0,0,3.80951386742513,32.8,0.067449805
"12",17.7048083,98.0343694,-2.47347489005998,28.4,1052,44,26,26,7,-1.78070409951558,283.75,3.61161711055434,21,0,1,14,0,0,-0.17074020869737,3.09999990463257,1.25083457999668,1.39941410536377,1350,1.66275783168157,0,2.60422605308447,2.98843052227258,1016,44,2.62013605497376,27,12.8263778686523,17.7,28,46,0,0,36,23,5.69999980926514,65,28.7,28.7,24.4,2.89495026839126,2.79999995231628,2.27818178456752,1.72276952187274,-12.0703125,0,0,3.80951386742513,28.6,0.077431404
"13",43.42,-73.72,-2.97514562035313,8.5,735,41,9,11,0,-2.01408419174649,147.3125,2.36172783601759,88,0,0,85,1.33243845991561,0.903089986991944,-1.14385788436513,5.30000019073486,0.843917638006392,1.54124216054928,1043,1.91907809237607,0,2.75511226639507,2.11306050370129,634,37,2.04139268515822,45,5.56850814819336,7,36,50,11,30,65,73,5.30000019073486,86,8.7,20.4,6.9,2.81044283230952,8.80000019073486,2.57829923884057,0.845343207068515,-2.859375,0,50,4.60243274614762,6,0.042499271
"14",43.59,-73.64,-5.24784214669223,NA,727,41,6,9,0,-2.03899779616509,105.4375,2.30749603791321,94,0,0,81,0.857332496431269,0.778151250383644,-1.02465819550819,5.59999990463257,0.327563260187278,0.995064534156142,1047,1.93449845124357,0,2.23044892137827,1.86723171451889,642,31,2.30535136944662,52,2.18600392341614,8.8,35,55,9,29,87,76,5.5,87,8.1,19.8,6.4,2.81044283230952,9,2.57829923884057,0.845343207068515,-2.6015625,0,42,4.60243274614762,7.6,-0.006811473
"15",43.76,-73.46,-4.35882469355798,7.4,727,39,9,10,1,NA,105.0625,2.40993312333129,86,0,0,73,1.25527250510331,3.44591541395112,NA,5.19999980926514,1.11674053545294,1.36554414002947,1027,1.91381385238372,0,2.52244423350632,2.9304395947667,623,30,2.14612803567824,40,2.39552617073059,8,37,51,6,28,68,72,5.80000019073486,86,8.5,20.4,6.7,2.81044283230952,7.30000019073486,2.65114601987935,0.845343207068515,-2.75,0,48,4.60243274614762,7.8,0.004173079
"16",43.64,-73.51,-3.48880992840903,9.3,729,40,11,11,0,NA,137.4375,2.37839790094814,88,0,0,72,1.27646180417324,1.17609125905568,NA,5.5,0.942652811693212,1.28582725275327,1037,1.92427928606188,0,2.51321760006794,2.74003882196938,628,30,2.10720996964787,45,7.33490514755249,8.1,36,51,10,29,71,74,5.30000019073486,86,8.3,20.2,6.7,2.81044283230952,8.39999961853027,2.57829923884057,0.845343207068515,-3.84375,0,48,4.60243274614762,8,0.014521397
"17",47.280448,-88.517331,-3.53121185732404,8.7,575,48,11,10,0,NA,196.8125,1.23044892137827,70,1.60205999132796,0,0,1.51587384371168,0,NA,5.69999980926514,0.266466895440241,0.85101360682367,813,1.92941892571429,0,2.20951501454263,1.916106373916,834,61,1.88081359228079,25,3.04303503036499,1.6,37,51,3,36,76,65,5.40000009536743,84,12.4,18.2,4.1,2.68432420113714,8.30000019073486,NA,0.767709218253075,-1.15625,0,27,4.55394810379068,8.8,0.027426286
"18",47.124086,-88.644123,-2.24415506577498,7.8,587,49,10,9,3,-1.90616975333496,266.6875,2.16136800223497,72,1.04139268515823,0,0,0.278753600952829,0.698970004336019,-0.0982891333176424,5.69999980926514,0.856426772470244,1.66699506794876,816,1.92941892571429,1,2.91169015875386,1.87860795649383,859,65,2.08635983067475,24,1.73584496974945,2.1,37,54,2,31,64,64,5.09999990463257,84,12.7,18.5,4.3,2.68432420113714,6.40000009536743,NA,0.767709218253075,-1.4765625,2,25,4.55394810379068,NA,0.103157956
"19",47.201715,-88.613602,-4.03050056345937,7.7,587,49,11,9,3,-1.87747912754464,197.25,2.16136800223497,72,1.04139268515823,0,0,0.278753600952829,0.698970004336019,-0.104715032863419,5.30000019073486,0.856426772470244,1.66699506794876,816,1.92941892571429,1,2.91169015875386,1.87860795649383,859,64,2.08635983067475,24,1.74660813808441,2.1,37,54,2,31,64,64,5.5,84,12.7,18.5,4.3,2.68432420113714,5.90000009536743,NA,0.767709218253075,-0.6484375,2,25,4.55394810379068,NA,0.015400471
"20",47.148077,-88.59678,-5.54302168978934,7.9,587,49,10,9,3,-1.896084639926,290.5,2.16136800223497,72,1.04139268515823,0,0,0.278753600952829,0.698970004336019,-0.102255704997301,5.69999980926514,0.856426772470244,1.66699506794876,816,1.92941892571429,1,2.91169015875386,1.87860795649383,859,65,2.08635983067475,24,1.93737936019897,2.1,37,54,2,31,64,64,5.5,84,12.7,18.5,4.3,2.68432420113714,5.80000019073486,NA,0.767709218253075,-0.546875,2,25,4.55394810379068,8.3,0.002056354
"21",39.3868611,-0.9627889,-4.6898653746867,10.4,400,21,25,20,23,-0.752529348456416,549.4375,2.93196611472817,23,0,0,100,0,0,-0.136217558977968,4,0.645716939369604,1.49866887121955,467,1.77815125038364,3,2.34635297445064,0.966329495163878,74,38,2.2148438480477,34,4.83091640472412,7.6,32,49,0,2,30,31,7.19999980926514,41,14.3,22.6,13.4,2.86076296544501,4.5,3.12182411479652,0.850129437249748,-2.2890625,0,0,4.64796664910188,6.7,-0.002648393
"22",39.3394472,-1.3414389,-3.98946171062759,13.3,427,18,25,21,18,-0.739468357692825,405.875,3.11226976841727,36,0.301029995663981,2,65,0.0791812460476248,2.94200805302231,-0.0964487371323701,3.40000009536743,1.46593280774247,0.911690158753861,499,1.7160033436348,9,2.05307844348342,3.41292919811259,49,34,1.91381385238372,39,3.00639796257019,6.9,34,45,0,2,29,24,7.69999980926514,44,15.4,23.8,11.4,2.86076296544501,2.79999995231628,2.50770635175989,0.850129437249748,-3,0,1,4.64796664910188,9.3,0.00676637
"23",39.9181167,-0.3562389,-3.56428238899882,15.7,408,17,21,16,7,-0.800530171079976,556.625,2.96473092105363,77,0,10,31,0,0,-1.26970686596709,4.30000019073486,1.00376202082825,1.82119243794778,474,1.69897000433602,3,2.8228216453031,1.06933503478994,89,40,2.25527250510331,36,10.5405921936035,13.8,29,54,5,4,29,44,7.19999980926514,45,11.3,23.3,14.8,2.86076296544501,5,3.12182411479652,0.850129437249748,0.75,3,0,4.64796664910188,9.7,0.009530953
"24",-62.9798056,-60.6687778,-5.78118935916572,1.3,446,51,NA,14,0,NA,NA,2.25042000230889,41,1.25527250510331,0,0,0.0791812460476248,1.77085201164214,NA,NA,0.464340484627667,0.910997716310643,618,1.79239168949825,0,0,1.08361010516231,448,NA,2.2380461031288,NA,NA,11.2,23,64,13,28,146,73,NA,88,7.8,7.8,4.7,NA,NA,NA,NA,NA,0,0,NA,1.6,-0.000835176
"25",-62.9770556,-60.6775278,-5.95992169497827,1.8,446,51,NA,14,0,NA,NA,2.25042000230889,41,1.25527250510331,0,0,0.0791812460476248,1.77085201164214,NA,NA,0.464340484627667,0.910997716310643,618,1.79239168949825,0,0,1.08361010516231,448,NA,2.2380461031288,NA,NA,11.2,23,64,13,28,146,73,NA,88,7.8,7.8,4.7,NA,NA,NA,NA,NA,0,0,NA,2.2,-0.000412393
"26",42.2186944,-1.5128333,-4.39970778908584,9.7,501,14,32,22,68,-0.806971604558248,291.4375,3.28600712207947,1,0,9,0,0,0,-0.289185021548026,3.5,0.429913697763754,1.07243372596839,589,1.7160033436348,13,1.36172783601759,1.33497619865434,156,20,1.64345267648619,45,0.935882806777954,3,37,40,0,0,18,43,7.59999990463257,52,8.7,21.8,13.1,2.83703242269348,2.90000009536743,2.50770635175989,0.967190333511749,-0.859375,0,0,4.50717521008835,10.1,0.009911491
"27",42.2221944,-1.5103056,-6.05505290645893,9.3,501,14,32,22,68,-0.806971604558248,291.4375,3.28600712207947,1,0,9,0,0,0,-0.289185021548026,3.5,0.429913697763754,1.07243372596839,589,1.7160033436348,13,1.36172783601759,1.33497619865434,156,20,1.64345267648619,45,0.935882806777954,3,37,40,0,0,18,43,7.59999990463257,52,8.7,21.8,13.1,2.83703242269348,2.90000009536743,2.50770635175989,0.967190333511749,-0.859375,0,0,4.50717521008835,9.4,-0.000476026
"28",42.2218611,-1.5096389,-6.00570830956222,9.7,501,14,32,22,68,-0.806971604558248,291.4375,3.28600712207947,1,0,9,0,0,0,-0.289185021548026,3.5,0.429913697763754,1.07243372596839,589,1.7160033436348,13,1.36172783601759,1.33497619865434,156,20,1.64345267648619,45,0.935882806777954,3,37,40,0,0,18,43,7.59999990463257,52,8.7,21.8,13.1,2.83703242269348,2.90000009536743,2.50770635175989,0.967190333511749,-0.859375,0,0,4.50717521008835,8.7,-0.004528192
"29",42.2153056,-1.5081111,-5.39329926024414,10.1,501,14,32,22,68,-0.806971604558248,306.125,3.28600712207947,1,0,9,0,0,0,-0.289185021548026,3.40000009536743,0.429913697763754,1.07243372596839,589,1.7160033436348,13,1.36172783601759,1.33497619865434,156,20,1.64345267648619,45,2.83950805664062,3,37,40,0,0,18,43,7.69999980926514,52,8.7,21.8,13.1,2.83703242269348,2.90000009536743,2.50770635175989,0.967190333511749,1.1328125,0,0,4.50717521008835,11.5,0.0026582
"30",46.26294,-84.49194,-2.3855830146809,7.85,605,51,17,14,15,-1.73564839131231,230.3125,2.60314437262018,72,1.83250891270624,0,100,0.0791812460476248,0.301029995663981,0.134353632398081,5.19999980926514,0.216165902285993,0.715251028878849,827,2.00432137378264,8,2.27875360095283,1.74653300743157,317,43,1.11394335230684,36,1.54750442504883,0.6,37,49,0,33,73,66,5.59999990463257,85,13.1,18.2,4.8,2.60335006067425,6.19999980926514,2.47296172028069,0.71492098204078,0.1796875,0,33,4.52576219954008,7.2,0.024916515
"31",46.27801,-84.53964,-2.62135611069264,8.25,605,51,27,14,15,-1.86604290055763,218.0625,2.60314437262018,72,1.83250891270624,0,100,0.0791812460476248,0.301029995663981,-0.974469252695114,5.5,0.216165902285993,0.715251028878849,827,2.00432137378264,8,2.27875360095283,1.74653300743157,317,30,1.11394335230684,39,0.334456741809845,0.6,37,49,0,33,73,66,5.5,85,13.1,18.2,4.8,2.60335006067425,7.90000009536743,2.40011503795659,0.71492098204078,0.2578125,0,33,4.52576219954008,7.2,0.013686209
"32",46.28016,-84.52225,-2.6748146276408,7.1,605,51,17,14,15,-1.74231241998205,228.8125,2.60314437262018,72,1.83250891270624,0,100,0.0791812460476248,0.301029995663981,0.136622795619435,5.40000009536743,0.216165902285993,0.715251028878849,827,2.00432137378264,8,2.27875360095283,1.74653300743157,317,41,1.11394335230684,40,1.17481780052185,0.6,37,49,0,33,73,66,5.5,85,13.1,18.2,4.8,2.60335006067425,7.30000019073486,2.40011503795659,0.71492098204078,0.3984375,0,33,4.52576219954008,7.3,0.00760809899999999
"33",46.26642,-85.00807,-2.71817793389017,7.05,596,51,11,13,0,-1.93467863796956,271.25,1.44715803134222,96,1.99122607569249,0,100,0.0413926851582251,0.301029995663981,-1.07442170194764,5.19999980926514,0.0157787563890409,0.0809870469108872,818,1.98677173426624,1,2.16731733474818,1.91233367234887,583,54,1.44715803134222,34,0.251239210367203,0.6,31,56,1,39,145,66,5.09999990463257,85,13.4,18,5,2.64778270052304,6.90000009536743,NA,0.694551158220392,0.0390625,0,75,4.59056466320927,6.7,0.006163343
"34",18.331825,-65.8211222,-3.05728053929818,NA,1413,141,46,27,6,-1.67705027822718,248.5625,3.66096029177608,55,1.77085201164214,1,51,0,0,-0.482122087335237,6.40000009536743,1.73000663417686,2.65289681173285,2295,2.3747483460101,21,3.4456042032736,1.76048279791284,803,17,2.33445375115093,32,10.0138254165649,6.8,30,42,0,0,34,99,5.19999980926514,97,25.6,25.6,24.1,NA,6.19999980926514,2.43517317966578,NA,-4.9453125,38,0,NA,NA,-0.026836838
"35",18.3211833,-65.8169694,-3.58680395622353,NA,1413,141,50,27,6,-1.67705027822718,395.75,3.66096029177608,55,1.77085201164214,1,51,0,0,-0.482122087335237,6.5,1.73000663417686,2.65289681173285,2295,2.3747483460101,21,3.4456042032736,1.76048279791284,803,12,2.33445375115093,30,13.5571956634521,6.8,30,42,0,0,34,99,4.90000009536743,97,25.6,25.6,24.1,NA,6.19999980926514,2.43517317966578,NA,-3.4765625,38,0,NA,NA,-0.005085976
"36",18.3227333,-65.8146306,-3.59043125758368,NA,1413,141,54,27,6,-1.67705027822718,495.625,3.66096029177608,55,1.77085201164214,1,51,0,0,-0.482122087335237,6.80000019073486,1.73000663417686,2.65289681173285,2295,2.3747483460101,21,3.4456042032736,1.76048279791284,803,12,2.33445375115093,29,13.1368026733398,6.8,30,42,0,0,34,99,4.80000019073486,97,25.6,25.6,24.1,NA,6.19999980926514,2.43517317966578,NA,-6.921875,38,0,NA,NA,-0.005692688
"37",18.3239333,-65.81535,-3.02624694649441,NA,1413,141,54,27,6,-1.67705027822718,495.625,3.66096029177608,55,1.77085201164214,1,51,0,0,-0.482122087335237,6.80000019073486,1.73000663417686,2.65289681173285,2295,2.3747483460101,21,3.4456042032736,1.76048279791284,803,12,2.33445375115093,29,13.1368026733398,6.8,30,42,0,0,34,99,4.80000019073486,97,25.6,25.6,24.1,NA,6.19999980926514,2.43517317966578,NA,-6.921875,38,0,NA,NA,-0.0117068
"38",3.1672778,101.7765833,-2.12372839857563,24.7,1647,133,33,29,16,-1.65592204983293,234.6875,3.52981519664463,48,0.602059991327962,4,10,0.255272505103306,1.43136376415899,-0.7597460613323,4.5,2.9213919916212,3.56941499590955,2502,2.39794000867204,0,2.76267856372744,2.34505598136319,1373,36,2.15533603746506,27,9.71470832824707,8.5,28,43,0,0,30,100,4.69999980926514,98,25.5,26.6,26,2.80861717215576,3.5,2.49415459401844,1.27188236436509,-1.109375,49,2,4.17406792869728,24,-0.039237626
"39",3.1681889,101.7803083,-2.5072288260837,NA,1647,133,33,29,16,-1.65592204983293,234.6875,3.52981519664463,48,0.602059991327962,4,10,0.255272505103306,1.43136376415899,-0.7597460613323,4.5,2.9213919916212,3.56941499590955,2502,2.39794000867204,0,2.76267856372744,2.34505598136319,1373,36,2.15533603746506,27,9.71470832824707,8.5,28,43,0,0,30,100,4.69999980926514,98,25.5,26.6,26,2.80861717215576,3.5,2.49415459401844,1.27188236436509,-1.109375,49,2,4.17406792869728,NA,-0.03654902
"40",3.1663056,101.7794,-2.79989845329907,NA,1647,133,30,29,16,-1.65592204983293,176.875,3.52981519664463,48,0.602059991327962,4,10,0.255272505103306,1.43136376415899,-0.7597460613323,4.80000019073486,2.9213919916212,3.56941499590955,2502,2.39794000867204,0,2.76267856372744,2.34505598136319,1373,36,2.15533603746506,27,9.88224220275879,8.5,28,43,0,0,30,100,5,98,25.5,26.6,26,2.80861717215576,4,2.49415459401844,1.27188236436509,9.0625,49,2,4.17406792869728,NA,-0.088163543
"41",3.1656083,101.7783889,-4.00403040541933,NA,1647,133,30,29,16,-1.65592204983293,176.875,3.52981519664463,48,0.602059991327962,4,10,0.255272505103306,1.43136376415899,-0.7597460613323,4.80000019073486,2.9213919916212,3.56941499590955,2502,2.39794000867204,0,2.76267856372744,2.34505598136319,1373,36,2.15533603746506,27,9.88224220275879,8.5,28,43,0,0,30,100,5,98,25.5,26.6,26,2.80861717215576,4,2.49415459401844,1.27188236436509,9.0625,49,2,4.17406792869728,NA,-0.132872059
"42",47.356011,-120.835682,-4.61665872728058,NA,506,35,9,9,0,-1.91256291075515,925.875,3.88570038012833,87,0,0,0,0,0,-1.5054390395608,2.59999990463257,0.024485667699167,0.0930713063760634,1210,1.70757017609794,0,1.20411998265592,2.09038504168568,603,52,2.52244423350632,37,11.2746286392212,17.6,45,47,1,42,87,46,5.90000009536743,80,10.6,14.4,4.2,2.44374515131925,6,2.97313230904768,0.775725027923858,-8.890625,0,0,4.30535324430201,NA,-0.005795949
"43",47.368016,-120.784082,-4.77342092271747,NA,506,35,6,9,0,-2.10719987423756,1103,3.88570038012833,87,0,0,0,0,0,-1.48422580289013,2.70000004768372,0.024485667699167,0.0930713063760634,1210,1.70757017609794,0,1.20411998265592,2.09038504168568,603,56,2.52244423350632,37,18.2266426086426,17.6,45,47,1,42,87,46,5.90000009536743,80,10.6,14.4,4.2,2.44374515131925,5.90000009536743,2.97313230904768,0.775725027923858,-16.4921875,0,0,4.30535324430201,NA,-0.008823252
"44",47.368359,-120.78471,-4.7470531561532,NA,506,35,6,9,0,-2.10719987423756,1103,3.88570038012833,87,0,0,0,0,0,-1.48422580289013,2.70000004768372,0.024485667699167,0.0930713063760634,1210,1.70757017609794,0,1.20411998265592,2.09038504168568,603,56,2.52244423350632,37,18.2266426086426,17.6,45,47,1,42,87,46,5.90000009536743,80,10.6,14.4,4.2,2.44374515131925,5.90000009536743,2.97313230904768,0.775725027923858,-16.4921875,0,0,4.30535324430201,NA,-0.007671826
"45",47.365879,-120.8027,-4.70871080311075,NA,506,35,7,9,0,-2.18056326412828,1077.6875,3.88570038012833,87,0,0,0,0,0,-1.45411298017925,2.70000004768372,0.024485667699167,0.0930713063760634,1210,1.70757017609794,0,1.20411998265592,2.09038504168568,603,55,2.52244423350632,38,17.5649642944336,17.6,45,47,1,42,87,46,5.90000009536743,80,10.6,14.4,4.2,2.44374515131925,6.30000019073486,2.97313230904768,0.775725027923858,-8.3359375,0,0,4.30535324430201,NA,-0.0009307
"46",33.7873333,-111.5078056,-4.03305478755123,17,487,19,22,22,2,-1.33837400674044,748.5625,3.81624129999178,82,0,0,0,0,0,-0.58493030319607,2.09999990463257,0.0170333392987804,0.0622058088197126,575,1.69897000433602,31,1.96378782734556,1.21168107629914,27,33,2.61804809671209,42,8.3025951385498,12.6,33,45,0,0,22,29,6.90000009536743,38,11.2,27.3,15.4,2.70633813079215,1.39999997615814,2.47296172028069,0.952885981685254,-10.2421875,0,0,4.39078527001351,10.1,0.007220147
"47",33.9797778,-111.3043611,-3.90171590654109,10.55,478,19,24,19,0,-1.35069631503263,802.75,3.55774774164147,97,0,0,0,0,0,-0.450129398333069,2.20000004768372,0.909127941989261,0.652536418593025,565,1.68124123737559,28,2.12385164096709,2.41305320264179,27,31,2.40312052117582,43,5.39477920532227,10.5,33,48,0,3,30,29,7,39,10.4,27,12.9,2.70633813079215,1.29999995231628,2.93838771864774,0.952885981685254,-3.515625,0,0,4.39078527001351,10.8,0.014746816
"48",33.7060833,-110.8193611,-4.08408134962846,12.05,458,17,21,19,0,-1.29675922830961,820.4375,3.54604886640173,95,0,0,0,0,0,-0.398938503151931,2,0.2027606873932,0.258637282724076,541,1.54406804435028,31,1.68124123737559,2.02972458539015,35,38,2.56584781867352,39,6.50569629669189,10.7,34,47,0,3,30,26,6.90000009536743,38,10.5,27.2,12.7,2.70633813079215,1.70000004768372,2.47296172028069,0.952885981685254,-9.0546875,0,0,4.39078527001351,7.5,0.005705118
"49",33.6853889,-110.8436111,-3.40607189281137,13,465,17,22,19,0,-1.36281702129079,834.3125,3.27276958655176,97,0,0,16,0.0413926851582251,1.73239375982297,-0.380623438333118,1.79999995231628,1.20316892287546,0.386142108930818,549,1.56820172406699,28,1.76342799356294,3.26761307591838,35,38,2.46982201597816,37,2.88795828819275,8.6,36,45,0,8,41,27,7,41,10.7,27.2,10.5,2.70633813079215,1.29999995231628,2.47296172028069,0.952885981685254,-2.46875,0,2,4.39078527001351,8.3,0.027428624
"50",39.104022,-96.547892,-4.4327159009968,13.7,474,48,36,21,59,-1.41709685097721,399.4375,3.43376983392487,1,0.301029995663981,10,16,0.113943352306837,3.79344113297766,-0.190607726409934,4.69999980926514,2.60459321158123,0.646893624167745,556,1.86332286012046,28,2.04921802267018,4.9916125587101,172,7,0.954242509439325,53,2.55673217773438,1.2,39,39,0,6,16,61,6.59999990463257,39,13.7,26.1,10.8,3.01886821845918,3.09999990463257,2.47296172028069,0.995566823066214,0.796875,0,2,4.66063451629957,13.2,0.002303071
"51",39.079251,-96.593845,-3.79634582998419,12.8,737,49,37,24,32,-1.42310787916002,422.4375,3.27966694404846,0,0,1,100,0,0,-0.189036539798075,4.69999980926514,0.0824263008607719,0.295127085252191,869,1.8750612633917,26,2.3541084391474,1.65805911870341,176,8,1.65321251377534,53,2.01535177230835,2.4,49,27,0,3,22,62,6.5,66,13.7,25.9,12,3.01886821845918,3,2.47296172028069,0.995566823066214,0.9375,0,1,4.66063451629957,NA,0.014240379
"52",39.081295,-96.582181,-3.28091451319309,15.2,737,49,37,24,32,-1.42310787916002,409.75,3.27966694404846,0,0,1,100,0,0,-0.189036539798075,5.19999980926514,0.0824263008607719,0.295127085252191,869,1.8750612633917,26,2.3541084391474,1.65805911870341,176,6,1.65321251377534,55,2.37737965583801,2.4,49,27,0,3,22,62,6.59999990463257,66,13.7,25.9,12,3.01886821845918,3.20000004768372,2.47296172028069,0.995566823066214,0.0390625,0,1,4.66063451629957,14.7,0.025923539
"53",39.100726,-96.574119,-3.25015286668826,13.1,737,49,36,24,32,-1.43712044993726,396.875,3.27966694404846,0,0,1,100,0,0,-0.185129199571699,4.69999980926514,0.0824263008607719,0.295127085252191,869,1.8750612633917,26,2.3541084391474,1.65805911870341,176,8,1.65321251377534,52,2.23522710800171,2.4,49,27,0,3,22,62,6.5,66,13.7,25.9,12,3.01886821845918,3.09999990463257,2.47296172028069,0.995566823066214,1.6640625,0,1,4.66063451629957,NA,0.026692718
"54",41.6051833,-81.2673333,-3.15971111526402,10,750,44,22,18,6,-1.90205706540551,353.625,2.79098847508882,95,0.301029995663981,1,0,0,0,-0.930510740153122,4.5,1.16595618720299,2.01845915690849,1025,1.91381385238372,1,3.16076856186113,1.80755532172937,334,29,1.84509804001426,46,2.49772191047668,2.5,45,38,4,5,28,73,5.40000009536743,86,10.9,21.3,9,3.00531505776928,9.19999980926514,NA,1.10536120222109,1.2890625,1,0,4.5372869764548,9.5,0.033606966
"55",41.17405,-81.2020667,-3.99131537800681,10.3,767,42,22,17,24,-1.74903704245823,330.75,3.24104815067164,62,0.602059991327962,0,0,0.556302500767287,0,0.122927809123311,4.40000009536743,1.17379793037046,1.88579077810584,981,1.85125834871908,2,3.05804623039528,2.0271211862973,444,22,1.51851393987789,54,0.855474591255188,1.4,44,39,2,9,28,66,5.5,82,10.9,21.6,9.3,3.00531505776928,8.10000038146973,2.47296172028069,1.10536120222109,-1.9453125,3,4,4.5372869764548,9.7,0.008807538
"56",41.1280667,-81.128,-3.44637958685035,10.3,767,42,14,17,24,-1.91205655830406,323.1875,3.24104815067164,62,0.602059991327962,0,0,0.556302500767287,0,-0.9793364252693,4.30000019073486,1.17379793037046,1.88579077810584,981,1.85125834871908,2,3.05804623039528,2.0271211862973,444,21,1.51851393987789,53,2.59179186820984,1.4,44,39,2,9,28,66,5.40000009536743,82,10.9,21.6,9.3,3.00531505776928,8.19999980926514,2.47296172028069,1.10536120222109,-0.3828125,3,4,4.5372869764548,10,0.023698037
"57",41.1453167,-81.3004333,-2.61689898508337,11.3,764,42,22,17,29,-1.69237855572843,326.5625,3.4029488293444,26,1.68124123737559,1,0,0.301029995663981,0.954242509439325,0.155751012424033,4.19999980926514,1.66819948419866,2.3248254983142,968,1.83250891270624,3,3.10720996964787,2.26224219843884,424,23,1.14612803567824,52,0.723756492137909,1.2,42,41,2,13,27,65,5.69999980926514,82,10.9,21.8,9.4,3.00531505776928,7.90000009536743,2.47296172028069,1.10536120222109,0.2109375,13,0,4.5372869764548,10.2,0.061931183
"58",51.697547,10.383178,-2.9772013564994,5.5,577,10,24,15,8,-1.30658260501375,470.75,2.41995574848976,71,0.301029995663981,0,57,0,0,-0.16336043066984,5.59999990463257,0.846708145456007,1.65364659125466,965,1.89209460269048,2,2.85733249643127,1.69621655311049,326,24,2.11058971029925,49,9.49772262573242,9.8,38,48,46,29,76,92,5,91,2.9,15.2,6.8,3.18146917762379,6,2.47296172028069,1.24131766341416,-10.34375,4,0,4.57748463511625,3.7,0.041473556
"59",51.680758,10.320715,-3.24616128536035,5.8,577,10,22,15,8,-1.09992513823987,262.375,2.41995574848976,71,0.301029995663981,0,57,0,0,-0.179528986225854,4.80000019073486,0.846708145456007,1.65364659125466,965,1.89209460269048,2,2.85733249643127,1.69621655311049,326,30,2.11058971029925,45,3.6526255607605,9.8,38,48,46,29,76,92,5.40000009536743,91,2.9,15.2,6.8,3.18146917762379,6,2.47296172028069,1.24131766341416,-0.8203125,4,0,4.57748463511625,4.5,0.025374764
"60",51.650969,10.456585,-2.71052879026808,6.2,569,10,23,15,15,-1.26268869682019,399.0625,2.41830129131975,60,0,0,12,0.204119982655925,1.50514997831991,-0.169302800920427,5.5,1.32378818990075,1.98331499885891,905,1.86332286012046,4,3.05153839051533,1.97603801878483,314,21,2.04921802267018,53,7.46192741394043,8.3,38,47,44,27,75,89,4.90000009536743,90,3,15.4,6.9,3.18146917762379,6.40000009536743,2.47296172028069,1.24131766341416,-5.2578125,7,2,4.57748463511625,3.9,0.055099932
"61",44.575807,-69.886754,-6.14444651015084,NA,714,59,11,6,2,-1.89166310146097,93.6875,2.33445375115093,74,0.301029995663981,0,16,1.35983548233989,2.40823996531185,-0.907302035570974,4.80000019073486,0.776701183988411,1.40146947094309,1080,1.93449845124357,1,2.57634135020579,2.2677769712038,835,43,1.72427586960079,45,2.76506781578064,3.1,32,61,1,33,72,65,4.69999980926514,86,14.1,20,6.4,2.5814710481884,10.8999996185303,2.48812264618093,0.679956350134145,-3.6796875,0,51,4.53884781896087,8.7,0.000257097
"62",44.582896,-69.91859,-5.925956995632,NA,714,59,10,6,2,-1.87908455235252,142.75,2.33445375115093,74,0.301029995663981,0,16,1.35983548233989,2.40823996531185,-0.893634196493234,4.90000009536743,0.776701183988411,1.40146947094309,1080,1.93449845124357,1,2.57634135020579,2.2677769712038,835,42,1.72427586960079,45,2.89971232414246,3.1,32,61,1,33,72,65,4.69999980926514,86,14.1,20,6.4,2.5814710481884,11.1000003814697,2.48812264618093,0.679956350134145,-0.125,0,51,4.53884781896087,NA,0.000604103
"63",44.547462,-69.919439,-5.63913161607872,11,714,59,11,6,2,-1.91997958200238,137.8125,2.33445375115093,74,0.301029995663981,0,16,1.35983548233989,2.40823996531185,-0.881915943653949,4.69999980926514,0.776701183988411,1.40146947094309,1080,1.93449845124357,1,2.57634135020579,2.2677769712038,835,43,1.72427586960079,45,2.50986456871033,3.1,32,61,1,33,72,65,4.59999990463257,86,14.1,20,6.4,2.5814710481884,11.1000003814697,2.48812264618093,0.679956350134145,-1.28125,0,51,4.53884781896087,10.4,0.001230748
"64",44.512941,-69.924809,-5.35331456455711,NA,714,59,5,6,2,-1.92959391127898,80.8125,2.33445375115093,74,0.301029995663981,0,16,1.35983548233989,2.40823996531185,-0.848367169348128,4.69999980926514,0.776701183988411,1.40146947094309,1080,1.93449845124357,1,2.57634135020579,2.2677769712038,835,45,1.72427586960079,44,1.62549829483032,3.1,32,61,1,33,72,65,4.59999990463257,86,14.1,20,6.4,2.5814710481884,11.1000003814697,2.48812264618093,0.679956350134145,-0.6875,0,51,4.53884781896087,10.3,0.002762087
"65",48.4769722,7.1743333,-3.65939917922743,7.3,618,14,24,16,0,-1.3961994841296,509.625,2.4345689040342,98,0,0,0,0,0,-0.486713475355896,5.90000009536743,1.13861843389949,1.83701362780678,939,1.91907809237607,3,2.95568775031351,1.72732161439865,481,36,2.33243845991561,38,11.186863899231,12.4,37,48,45,26,90,90,5.09999990463257,90,3.3,16.3,7.7,2.98685931543879,7.19999980926514,2.47296172028069,1.28795841798215,-5.4140625,3,0,4.33623401836325,5.3,0.023098614
"66",48.5018333,7.1743333,-4.22908788894216,6.7,618,14,20,16,0,-1.76870820028249,703.0625,2.4345689040342,98,0,0,0,0,0,-0.625251647654933,6.19999980926514,1.13861843389949,1.83701362780678,939,1.91907809237607,3,2.95568775031351,1.72732161439865,481,40,2.33243845991561,38,11.1716995239258,12.4,37,48,45,26,90,90,5,90,3.3,16.3,7.7,2.98685931543879,7.5,2.47296172028069,1.28795841798215,-2.078125,3,0,4.33623401836325,5.4,0.012372921
"67",48.5129722,7.1206667,-2.86349235952906,6.8,612,14,20,8,1,-1.61164993606014,518.5625,2.30749603791321,98,0,0,0,0.505149978319906,1.76342799356294,-0.567831383914966,6.30000019073486,0.859378504425601,1.69508748047331,868,1.88649072517248,3,2.67209785793572,1.7106250150608,492,39,1.92941892571429,38,9.2972583770752,12.9,30,62,39,26,99,84,4.90000009536743,86,3.8,16.9,8.3,2.98685931543879,7.5,2.47296172028069,1.28795841798215,-12.1328125,2,0,4.33623401836325,5.2,0.05444641
"68",48.49025,7.0538611,-2.90129321852324,7.5,612,14,21,8,1,-1.59698871733048,483.4375,2.30749603791321,98,0,0,0,0.505149978319906,1.76342799356294,-0.647316026653308,5.59999990463257,0.859378504425601,1.69508748047331,868,1.88649072517248,3,2.67209785793572,1.7106250150608,492,37,1.92941892571429,40,13.4188575744629,12.9,30,62,39,26,99,84,5.09999990463257,86,3.8,16.9,8.3,2.98685931543879,7.19999980926514,2.47296172028069,1.28795841798215,-6.015625,2,0,4.33623401836325,6.2,0.051339615
"69",0.4981367,35.0031433,-2.20568046681338,NA,1052,96,35,36,11,-1.89621485201197,1850.4375,4.0169915782062,11,0.477121254719662,0,0,0,0.477121254719662,0.131135692099999,4.5,2.36786633636867,2.3297232240579,1249,2.11727129565576,2,2.83250891270624,2.86101318377694,407,30,1.91381385238372,32,2.89052367210388,2.8,20,44,0,0,33,73,6,64,17,18.8,16.4,2.92684003573784,3.90000009536743,2.78139630519679,1.72936337388686,-1.828125,9,1,3.83480978275759,NA,0.077428374
"70",0.63101,35.0674517,-2.51498344380412,NA,917,78,39,39,4,-1.58381421668134,1817.5,3.76245348236355,5,0.477121254719662,0,0,0,0,-0.136543464037815,3.90000009536743,2.23963477018721,2.38093626987637,1084,2.04921802267018,4,2.78746047451842,2.7138373361651,378,30,1.98227123303957,26,2.06744909286499,1.6,17,44,0,0,27,58,6.09999990463257,54,17,18.9,16.7,2.92684003573784,3.5,2.30427505047713,1.72936337388686,-1.90625,4,0,3.83480978275759,NA,0.062392406
"71",0.7913967,34.9470383,-3.27700267808245,NA,1075,103,39,37,12,-1.51873776799083,1694.75,4.07711343230376,18,0,0,0,0,0,-0.108345432053873,3.90000009536743,2.51891120338059,2.61684505833121,1312,2.15836249209525,9,2.69983772586725,2.68518440966594,385,28,1.79934054945358,28,1.84600865840912,4.6,20,43,0,0,34,74,6.19999980926514,64,18.4,20.1,17.5,2.94266115429763,3.40000009536743,2.54530704094664,1.62185232980828,-0.875,27,2,3.95814194539596,NA,-0.024042515
"72",45.379975,-79.142175,-5.31935021425513,NA,628,54,15,6,0,-2.06214391534999,370.5,1.90308998699194,87,0.954242509439325,0,0,0.944482672150169,2.94694327069783,-1.08230027587027,5.19999980926514,1.21256045797114,1.196949540974,1002,1.98677173426624,0,2.10037054511756,2.81894340452255,301,38,1.39794000867204,41,3.23221588134766,3.8,33,60,1,33,100,66,5.30000019073486,87,13.2,18.6,4.3,2.70744167497842,7.80000019073486,2.62945175351076,0.780225604828243,1.8203125,1,15,4.56454919105679,NA,0.001256069
"73",45.1454417,-79.0890694,-5.10158399399686,NA,629,54,12,6,0,-2.05519157968035,358,1.88649072517248,84,1.5910646070265,0,0,1.15533603746506,3.4679039465228,-1.08738738903686,4.40000009536743,0.640282629696681,0.696181587168524,985,1.98227123303957,0,2.2405492482826,2.96527462626226,307,37,1.36172783601759,42,0.956674575805664,3.8,33,60,1,35,93,66,5.59999990463257,87,13.1,18.5,4.1,2.70744167497842,7,2.62945175351076,0.780225604828243,-0.3828125,0,10,4.56454919105679,NA,0.002330351
"74",45.2226889,-78.9151778,-5.47552195737084,NA,630,54,17,6,0,-2.10145769729919,366.375,2.04921802267018,80,1.23044892137827,0,0,1.32014628611105,1.77085201164214,-1.05750830408523,5.09999990463257,0.267875419318898,0.895201474778893,979,1.97772360528885,0,2.47421626407626,1.71489950217308,321,39,1.41497334797082,42,4.85223484039307,4.4,33,59,1,33,88,67,5.40000009536743,86,13,18.4,4.5,2.70744167497842,8.39999961853027,2.62945175351076,0.780225604828243,-0.671875,0,17,4.56454919105679,NA,0.001165487
"75",45.1786611,-78.8279861,-5.56720856518369,NA,628,54,18,6,0,-2.09878992848654,404.75,1.97772360528885,90,1.04139268515823,0,0,1.19312459835446,3.16849748352303,-1.05951167593607,5.19999980926514,0.252610340567373,0.436639631692661,972,1.96848294855394,0,2.05690485133647,2.65855988384441,338,37,1.46239799789896,43,2.35630416870117,4.4,32,61,1,36,95,67,5.40000009536743,87,13,18.5,4.1,2.70744167497842,8.10000038146973,2.62945175351076,0.780225604828243,2.2734375,0,10,4.56454919105679,NA,0.001063846
"76",-65.24812,-64.24269,-6.5098862817456,0.9,446,51,NA,14,0,NA,NA,2.25042000230889,41,1.25527250510331,0,0,0.0791812460476248,1.77085201164214,NA,NA,0.464340484627667,0.910997716310643,618,1.79239168949825,0,0,1.08361010516231,448,NA,2.2380461031288,NA,NA,11.2,23,64,13,28,146,73,NA,88,7.8,7.8,4.7,NA,NA,NA,NA,NA,0,0,NA,1.3,1.6589e-05
"77",-63.8025,-57.8767,-5.84538762970462,4.1,441,66,NA,14,0,NA,NA,0,0,0,0,0,0,0,NA,NA,0,0,573,1.82607480270083,0,0,-1.88605664769316,450,NA,NA,NA,NA,3.3,22,64,8,18,320,74,NA,86,8.4,8.7,5.3,0.663843775817725,NA,NA,-0.553402279730335,NA,0,0,3.85457917645467,NA,-0.00024538
"78",-63.8123,-57.9203,-5.57215597017964,1.2,441,66,NA,14,0,NA,NA,0,0,0,0,0,0,0,NA,NA,0,0,573,1.82607480270083,0,0,-1.88605664769316,450,NA,NA,NA,NA,3.3,22,64,8,18,320,74,NA,86,8.4,8.7,5.3,0.663843775817725,NA,NA,-0.553402279730335,NA,0,0,3.85457917645467,7.8,0.001017063
"79",-63.8067,-57.885,-5.73106343914107,2.2,441,66,NA,14,0,NA,NA,0,0,0,0,0,0,0,NA,NA,0,0,573,1.82607480270083,0,0,-1.88605664769316,450,NA,NA,NA,NA,3.3,22,64,8,18,320,74,NA,86,8.4,8.7,5.3,0.663843775817725,NA,NA,-0.553402279730335,NA,0,0,3.85457917645467,7.1,0.00078508
"80",-63.8163,-57.8869,-5.61301550872742,1.9,441,66,NA,14,0,NA,NA,0,0,0,0,0,0,0,NA,NA,0,0,573,1.82607480270083,0,0,-1.88605664769316,450,NA,NA,NA,NA,3.3,22,64,8,18,320,74,NA,86,8.4,8.7,5.3,0.663843775817725,NA,NA,-0.553402279730335,NA,0,0,3.85457917645467,6.2,0.000467129
"81",-65.24844,-64.24572,-6.00412556054384,1.5,446,69,NA,14,0,NA,NA,2.25042000230889,41,1.25527250510331,0,0,0.0791812460476248,1.77085201164214,NA,NA,0.464340484627667,0.910997716310643,618,1.84509804001426,0,0,1.08361010516231,448,NA,2.2380461031288,NA,NA,11.2,23,64,15,28,146,74,NA,88,7.8,7.8,4.7,NA,NA,NA,NA,NA,0,0,NA,1,0.000875523
"82",-65.24639,-64.24671,-6.28512606084077,0.4,446,69,NA,14,0,NA,NA,2.25042000230889,41,1.25527250510331,0,0,0.0791812460476248,1.77085201164214,NA,NA,0.464340484627667,0.910997716310643,618,1.84509804001426,0,0,1.08361010516231,448,NA,2.2380461031288,NA,NA,11.2,23,64,15,28,146,74,NA,88,7.8,7.8,4.7,NA,NA,NA,NA,NA,0,0,NA,3.1,-0.000141585
"83",-65.24495,-64.256333,-6.27936050909917,2.3,446,69,NA,14,0,NA,NA,2.25042000230889,41,1.25527250510331,0,0,0.0791812460476248,1.77085201164214,NA,NA,0.464340484627667,0.910997716310643,618,1.84509804001426,0,0,1.08361010516231,448,NA,2.2380461031288,NA,NA,11.2,23,64,15,28,146,74,NA,88,7.8,7.8,4.7,NA,NA,NA,NA,NA,0,0,NA,1.7,0.000444094
"84",-15.68834,-48.024152,-4.6103440473556,NA,1110,62,34,28,4,-1.69082758302803,1085.3125,3.4201208480857,7,0,0,70,0.770852011642144,1.77085201164214,-0.421510419217052,3,0.0849335749367161,0.388988785124714,1461,2.17609125905568,8,2.15228834438306,1.69584052162016,425,32,1.8750612633917,23,1.94861698150635,2.7,21,50,0,0,24,43,5.19999980926514,73,21.8,22.1,21,3.01864244039395,1.60000002384186,2.73704308898461,1.3223773133787,-2.1875,0,0,4.33359824792186,NA,-0.01570336
"85",-15.688837,-48.023985,-4.65611901339542,NA,1110,62,34,28,4,-1.69082758302803,1085.3125,3.4201208480857,7,0,0,70,0.770852011642144,1.77085201164214,-0.421510419217052,3,0.0849335749367161,0.388988785124714,1461,2.17609125905568,8,2.15228834438306,1.69584052162016,425,32,1.8750612633917,23,1.94861698150635,2.7,21,50,0,0,24,43,5.19999980926514,73,21.8,22.1,21,3.01864244039395,1.60000002384186,2.73704308898461,1.3223773133787,-2.1875,0,0,4.33359824792186,NA,0.005143494
"86",-15.733293,-48.014997,-4.38734595721816,NA,1139,63,40,28,5,-1.78923492078384,1097.625,3.24477176149529,25,0.698970004336019,0,10,0.838849090737255,0,-0.517270913422121,2.90000009536743,2.20524497562299,2.94473281294303,1546,2.18752072083646,3,3.04883008652835,1.91429025566595,412,30,1.7481880270062,25,1.53725504875183,1.8,21,49,0,0,20,43,5.30000019073486,74,22.1,22.4,21.2,3.01864244039395,1.5,2.73704308898461,1.3223773133787,-2.0078125,25,9,4.33359824792186,NA,0.003626465
"87",-15.725521,-47.940142,-5.47366958569279,NA,1139,63,39,28,5,-1.68557155148713,1052.375,3.24477176149529,25,0.698970004336019,0,10,0.838849090737255,0,-0.426175903939214,3.09999990463257,2.20524497562299,2.94473281294303,1546,2.18752072083646,3,3.04883008652835,1.91429025566595,412,29,1.7481880270062,28,1.95364320278168,1.8,21,49,0,0,20,43,5.40000009536743,74,22.1,22.4,21.2,2.96876447524444,1.60000002384186,3.12182411479652,1.45972668648741,-0.9375,25,9,4.14637090966364,NA,-0.011093552
"88",45.716563,-64.159504,-5.43405461886458,NA,642,36,19,10,1,-2.1191956074684,73.375,1.90308998699194,96,0.602059991327962,0,0,0,0,-1.00719064927381,4.09999990463257,0.118595365223762,0.58849580100721,1168,2.01703333929878,0,2.30102999566398,2.05710671325414,802,38,1.74036268949424,41,1.45984494686127,1.9,36,53,13,36,61,82,4.5,90,8,18.1,5.5,2.51309779281124,3.5,2.47296172028069,0.619426319507148,-0.734375,0,0,4.53100459421071,NA,-0.003750504
"89",45.990668,-64.248315,-4.66982188686358,NA,635,35,13,8,2,-2.12587593904759,12.4375,2.19865708695442,81,1.43136376415899,0,0,0.518513939877887,1.04139268515823,-1.07854990633475,3.90000009536743,0.164352855784437,0.471291711058939,1123,1.99122607569249,9,2.00860017176192,2.4397147049141,781,57,1.47712125471966,29,0.619318246841431,0.8,32,60,11,35,90,80,4.59999990463257,90,8.1,18.3,5.6,2.51309779281124,3.90000009536743,2.47296172028069,0.619426319507148,-0.8203125,0,1,4.53100459421071,NA,0.000862666
"90",45.725886,-64.525241,-5.44966457976267,NA,647,36,11,12,6,NA,32.6875,1.99563519459755,44,1.9731278535997,0,0,0,0.477121254719662,NA,4.30000019073486,0.681422155721009,1.04072098360119,1132,1.99563519459755,4,2.64738297011462,1.97018410154485,823,43,1.79934054945358,40,2.05783843994141,2.3,33,54,9,32,78,79,4.80000019073486,89,8.1,18.2,5.7,2.51309779281124,4.90000009536743,2.40011503795659,0.619426319507148,1.15625,0,0,4.53100459421071,NA,-0.004254817
"91",45.874873,-64.468382,-5.17715639809158,NA,647,36,19,12,6,-2.09622490879327,45.5,1.99563519459755,44,1.9731278535997,0,0,0,0.477121254719662,-1.00289141748722,4.30000019073486,0.681422155721009,1.04072098360119,1132,1.99563519459755,4,2.64738297011462,1.97018410154485,823,47,1.79934054945358,32,1.34466826915741,2.3,33,54,9,32,78,79,4.5,89,8.1,18.2,5.7,2.51309779281124,3.90000009536743,2.47296172028069,0.619426319507148,-1.5078125,0,0,4.53100459421071,NA,-0.004654578
"92",58.6201,-134.936,-3.36759578196757,11.5,490,18,10,11,0,NA,25.8125,2.13987908640124,70,1.91381385238372,0,0,0,0,NA,5.19999980926514,0.00216606175650763,0.106870544478654,1335,2.30102999566398,0,2.83758843823551,0.834229902851677,1587,53,2.96284268120124,37,1.88151657581329,9.5,33,55,48,45,158,100,4.90000009536743,96,4.8,13.2,4.4,1.79849391265098,5.30000019073486,2.73704308898461,0.0640847906977164,-0.234375,0,0,4.37174224285988,NA,0.022216106
"93",58.4864,-134.7774,-2.73378061727447,10,510,18,7,10,0,NA,36.875,2.26245108973043,50,1.95904139232109,0,0,0,0.903089986991944,NA,5.19999980926514,0.607240503831743,1.96004245572684,1483,2.33041377334919,0,3.14050804303818,1.50714045022331,1745,53,2.64542226934909,38,4.7777419090271,7.2,33,56,47,36,182,100,5,98,4.9,13,4.9,1.79849391265098,4.5,2.36232642911299,0.0640847906977164,0.59375,0,1,4.37174224285988,NA,0.05310619
"94",58.4705,-134.7836,-3.36507662225053,6.5,510,18,1,10,0,NA,5.1875,2.26245108973043,50,1.95904139232109,0,0,0,0.903089986991944,NA,NA,0.607240503831743,1.96004245572684,1483,2.33041377334919,0,3.14050804303818,1.50714045022331,1745,NA,2.64542226934909,NA,1.86069178581238,7.2,33,56,47,36,182,100,NA,98,4.9,13,4.9,1.79849391265098,NA,2.36232642911299,0.0640847906977164,-1.3203125,0,1,4.37174224285988,NA,0.02085835
"95",58.3317,-134.4705,-3.62097511619808,6.6,509,17,5,7,0,NA,8.5625,3.27137687189407,14,1.91907809237607,0,0,0.113943352306837,1.55630250076729,NA,5.19999980926514,0.956168430475363,1.84434668140549,2056,2.38381536598043,0,2.39794000867204,2.4484806135978,2083,50,2.78675142214556,38,2.28616571426392,14.8,35,57,44,40,203,100,5,100,3.4,11.2,3.8,1.79849391265098,4.5,2.62945175351076,0.0640847906977164,-3.3828125,0,6,4.37174224285988,NA,0.010108336
"96",43.76318,-80.22787,-3.72318054766481,8.2,643,35,15,17,43,-1.8404887731648,429.875,2.74663419893758,4,0,0,100,0,0,0.00552756827208473,4.40000009536743,0.61689542640076,1.26410915630581,929,1.86923171973098,7,2.43296929087441,1.83872948593357,216,41,1.47712125471966,43,0.639129459857941,1.3,45,38,3,28,28,73,6,85,8.3,18.9,5.9,2.94062841948234,5.80000019073486,2.43517317966578,1.04443101337596,-0.890625,0,0,4.533530527013,7.5,0.012047538
"97",43.49301,-80.13589,-4.38106198010275,8.4,650,35,15,17,32,-1.84348282811447,334.375,2.75358305889291,29,0.954242509439325,2,100,0.204119982655925,0.477121254719662,-0.0610164387266566,4.09999990463257,1.52624878994668,2.44057851483637,902,1.84509804001426,5,2.76715586608218,1.70166294960891,210,41,1.39794000867204,43,0.625209093093872,1.1,42,42,3,19,26,70,6.5,84,8.9,19.8,6.8,2.94062841948234,6.30000019073486,2.47296172028069,1.04443101337596,0.375,11,0,4.533530527013,7.6,0.000583945000000001
"98",43.31965,-80.31795,-4.62708813900903,7.7,647,35,19,19,51,-1.84558152078605,296.25,3.11394335230684,5,1.25527250510331,1,100,0.278753600952829,2.23044892137827,-0.0588569257882907,4.09999990463257,2.83384295588472,2.27922649580556,943,1.85125834871908,6,2.62531245096167,3.84800994126192,206,39,1.61278385671974,41,3.5424370765686,1,46,35,2,26,25,69,6.09999990463257,85,9.2,20.2,6,2.94062841948234,6.80000019073486,2.47296172028069,1.04443101337596,2.3984375,9,1,4.533530527013,6.8,-0.001733589
"99",43.30655,-80.30595,-3.64333691969455,7,647,35,17,19,51,-1.85405452002518,276.4375,3.11394335230684,5,1.25527250510331,1,100,0.278753600952829,2.23044892137827,-0.0560742648919102,4.19999980926514,2.83384295588472,2.27922649580556,943,1.85125834871908,6,2.62531245096167,3.84800994126192,206,35,1.61278385671974,46,1.28325951099396,1,46,35,2,26,25,69,6.40000009536743,85,9.2,20.2,6,2.94062841948234,6.40000009536743,2.47296172028069,1.04443101337596,-0.1875,9,1,4.533530527013,5.6,0.014046443
"100",49.2838056,-122.5623889,-5.2212974382569,10.7,592,46,12,9,3,-2.14086684320406,350.375,3.21192108430851,76,1.11394335230684,1,0,0.778151250383644,2.34439227368511,-1.12372223105515,7,1.59493369984628,2.04934596558936,1592,1.92941892571429,1,1.83884909073726,2.78424131188216,1633,48,2.35983548233989,39,5.20293569564819,18.1,34,57,3,30,110,61,4.69999980926514,88,13.5,16.6,7.5,2.54495928691681,5.69999980926514,2.50770635175989,0.92294293869307,0.265625,7,4,4.25934946913036,10.9,-0.002310268
"101",49.2948611,-122.5675556,-6.12164612805032,10.5,592,46,12,9,3,-2.14993127360194,370.3125,3.21192108430851,76,1.11394335230684,1,0,0.778151250383644,2.34439227368511,-1.11531715239335,7.09999990463257,1.59493369984628,2.04934596558936,1592,1.92941892571429,1,1.83884909073726,2.78424131188216,1633,48,2.35983548233989,39,1.98845672607422,18.1,34,57,3,30,110,61,4.80000019073486,88,13.5,16.6,7.5,2.54495928691681,5.80000019073486,2.50770635175989,0.92294293869307,-2.8671875,7,4,4.25934946913036,10.2,0.000371779
"102",49.2675028,-122.5596667,-6.10258294090994,11.8,592,46,15,9,3,-2.14086684320406,206.4375,3.21192108430851,76,1.11394335230684,1,0,0.778151250383644,2.34439227368511,-1.12372223105515,7.59999990463257,1.59493369984628,2.04934596558936,1592,1.92941892571429,1,1.83884909073726,2.78424131188216,1633,48,2.35983548233989,35,3.83022785186768,18.1,34,57,3,30,110,61,4.90000009536743,88,13.5,16.6,7.5,2.54495928691681,5.80000019073486,2.50770635175989,0.92294293869307,-2.5703125,7,4,4.25934946913036,11.7,-0.001065821
"103",49.2775278,-122.5459167,-6.21872506149663,11.4,592,46,13,9,3,-2.08269299837778,317.3125,3.21192108430851,76,1.11394335230684,1,0,0.778151250383644,2.34439227368511,-1.13679506753856,7,1.59493369984628,2.04934596558936,1592,1.92941892571429,1,1.83884909073726,2.78424131188216,1633,47,2.35983548233989,38,6.03253793716431,18.1,34,57,3,30,110,61,4.69999980926514,88,13.5,16.6,7.5,2.54495928691681,5.80000019073486,2.50770635175989,0.92294293869307,-0.96875,7,4,4.25934946913036,11.4,0.000170284
"104",46.2164444,9.02175,-5.86093570763807,4.6,553,13,12,14,2,-1.68547445845108,462.25,3.84855857212376,74,1.14612803567824,0,0,0.0791812460476248,2.24551266781415,-0.461610851515678,6.59999990463257,1.98289056564187,1.75848041008524,1495,1.83884909073726,24,2.58994960132571,3.6473842416957,1267,54,2.85125834871908,32,16.9719524383545,27.4,38,48,32,33,91,100,5.30000019073486,100,1.2,17.5,4,3.02738080554128,7.09999990463257,2.36232642911299,1.14451046741041,7.8671875,3,1,4.52020345903748,1.9,-0.000994431
"105",46.2647778,8.9917222,-5.87625655737171,4,523,12,10,14,2,-1.92948001442427,407.5,3.89281782430958,71,1.04139268515823,0,0,0.0791812460476248,2.24303804868629,-0.324206006007354,6.69999980926514,1.46821436276855,1.4586680597649,1563,1.89762709129044,26,2.53529412004277,3.35191587597148,1305,62,3.15715443990628,26,23.0129909515381,27.5,38,47,42,36,92,100,5.19999980926514,100,-0.6,14.9,3.2,3.02738080554128,7.30000019073486,2.48812264618093,1.14451046741041,-7.2421875,1,1,4.52020345903748,3,0.000191079
"106",46.1821667,8.9430556,-6.12192226830398,4.5,553,13,12,14,2,-1.53580451684304,449,3.84855857212376,74,1.14612803567824,0,0,0.0791812460476248,2.24551266781415,0.842241862947452,6.80000019073486,1.98289056564187,1.75848041008524,1495,1.83884909073726,24,2.58994960132571,3.6473842416957,1267,57,2.85125834871908,29,25.1603183746338,27.4,38,48,32,33,91,100,5.19999980926514,100,1.2,17.5,4,3.02738080554128,7.09999990463257,2.48812264618093,1.14451046741041,-6,3,1,4.52020345903748,4.2,-0.000217304
"107",46.2350556,8.9945833,-5.93009591977936,4.2,523,12,16,14,2,-1.66952146049342,1004.8125,3.89281782430958,71,1.04139268515823,0,0,0.0791812460476248,2.24303804868629,-0.396904343243852,6.5,1.46821436276855,1.4586680597649,1563,1.89762709129044,26,2.53529412004277,3.35191587597148,1305,53,3.15715443990628,30,17.1706123352051,27.5,38,47,42,36,92,100,4.90000009536743,100,-0.6,14.9,3.2,3.02738080554128,7.40000009536743,2.48812264618093,1.14451046741041,-6.859375,1,1,4.52020345903748,2.8,8.16319999999999e-05
"108",42.933024,141.22478,-5.04458284682997,4.9,646,49,17,17,5,-1.89173348505785,452.25,2.68930885912362,89,1.83250891270624,0,0,0.204119982655925,2.11727129565576,-0.874755618854221,6.80000019073486,2.98553424837801,3.2249247091863,1398,2.09342168516224,2,2.85793526471943,2.95829242407109,951,44,2.47129171105894,37,5.52858304977417,13.9,48,36,12,46,98,100,4.80000019073486,97,8.4,20,4.5,NA,10.6000003814697,2.97313230904768,NA,-3.578125,5,1,NA,2.5,0.004580301
"109",42.890136,141.342945,-3.2795076670232,5.8,657,52,16,12,8,-2.02152168841305,334.5,2.8555191556678,45,1.55630250076729,0,0,0,0,-0.817027342322479,6.19999980926514,2.38193414028034,3.12478877054904,1174,2.04532297878666,3,3.70943957413241,2.43278976675626,975,44,1.91907809237607,39,3.39430665969849,3.3,41,48,4,29,60,98,4.69999980926514,93,10.2,21.5,7.3,NA,10,2.97313230904768,NA,-2.53125,49,0,NA,2.6,0.032405958
"110",42.977025,141.286715,-3.42596066649975,5.9,646,49,18,17,5,-2.08902793370801,251.8125,2.68930885912362,89,1.83250891270624,0,0,0.204119982655925,2.11727129565576,-0.766624422724592,6.30000019073486,2.98553424837801,3.2249247091863,1398,2.09342168516224,2,2.85793526471943,2.95829242407109,951,42,2.47129171105894,37,7.82617807388306,13.9,48,36,12,46,98,100,4.80000019073486,97,8.4,20,4.5,NA,9.69999980926514,2.97313230904768,NA,-5.5234375,5,1,NA,3.7,0.026751205
"111",42.824668,141.291351,-4.57031910192767,5.4,661,50,17,11,6,-1.83099721112494,521,2.78746047451842,83,1.68124123737559,0,0,0.113943352306837,1.20411998265592,-0.947457138123966,7.09999990463257,1.70216332868592,2.42407761130642,1238,2.05690485133647,3,3.23779499327392,2.50517440669747,948,46,2.27875360095283,35,4.35074615478516,7.7,44,45,12,39,86,100,4.69999980926514,96,9,20.3,6,NA,10.5,2.97313230904768,NA,-6.5078125,11,0,NA,1.6,0.007968798
"112",55.9362361,13.8994333,-4.40889756607891,0.9,444,4,10,8,20,-1.66492234425462,116.0625,2.02938377768521,37,0,10,0,0.204119982655925,0.845098040014257,-0.975657016734041,5.5,0.940864975966722,1.46166356934088,680,1.79934054945358,2,2.80002935924413,2.01769680171023,401,65,1.9731278535997,24,1.55752623081207,1.6,28,65,74,28,103,99,4.90000009536743,88,0.8,16.1,7.2,2.97471806559976,5.30000019073486,2.43517317966578,0.940782252729431,1.2109375,0,0,4.67126893377694,0.3,0.010550597
"113",55.8991806,13.9904778,-6.26900356800449,1,441,3,12,10,38,-1.37189559967734,115.375,2.31386722036915,31,1.04139268515823,16,0,0.146128035678238,0.845098040014257,0.34893171358392,5.5,1.17032039987338,1.5552395923936,663,1.75587485567249,3,2.84198480459011,2.38042471735675,373,64,1.36172783601759,23,2.07979321479797,1.3,29,62,53,25,92,96,4.69999980926514,87,1.2,16.5,7.4,2.97471806559976,5.59999990463257,2.43517317966578,0.940782252729431,2.296875,0,0,4.67126893377694,0.8,0.000535502
"114",55.9298472,13.5720833,-4.50469247182673,1.3,447,4,15,10,17,-1.86317136141439,83.5625,1.93449845124357,37,1,1,0,0.949390006644913,0.477121254719662,-0.20157674407071,5.19999980926514,0.847696020734165,1.68551781775074,698,1.83250891270624,1,3.17753649992986,1.63365021522962,441,54,1.75587485567249,29,1.32984566688538,1.6,30,58,71,27,96,100,4.80000019073486,88,0.9,16.2,7.3,2.97471806559976,6.59999990463257,2.43517317966578,0.940782252729431,0.2265625,6,7,4.67126893377694,1.3,0.009859397
"115",55.8928694,13.6232528,-6.03271038143564,0.8,447,4,13,10,17,-1.67613502784475,86.375,1.93449845124357,37,1,1,0,0.949390006644913,0.477121254719662,-0.973475151736747,5.30000019073486,0.847696020734165,1.68551781775074,698,1.83250891270624,1,3.17753649992986,1.63365021522962,441,56,1.75587485567249,30,1.64519965648651,1.6,30,58,71,27,96,100,4.59999990463257,88,0.9,16.2,7.3,2.97471806559976,6.80000019073486,2.43517317966578,0.940782252729431,-0.859375,6,7,4.67126893377694,0.3,0.001062491
"116",43.2124167,-3.2709333,-4.26577166369166,12,656,41,21,21,0,-1.93799127042597,350,3.01619735351244,100,0,0,88,0,0,-0.631917333663948,5,0.794557751254762,1.59081955127089,1115,2.04532297878666,13,2.72997428569956,1.86490840922538,773,36,2.1846914308176,41,9.64063453674316,13.7,37,42,3,9,59,82,5.19999980926514,90,14,18.6,12.5,NA,8.60000038146973,2.43517317966578,NA,-13.3125,0,0,NA,11.7,-0.009503759
"117",43.2091,-3.26715,-5.1421478117353,12,656,41,21,21,0,-1.93799127042597,350,3.01619735351244,100,0,0,88,0,0,-0.631917333663948,5,0.794557751254762,1.59081955127089,1115,2.04532297878666,13,2.72997428569956,1.86490840922538,773,36,2.1846914308176,41,9.64063453674316,13.7,37,42,3,9,59,82,5.19999980926514,90,14,18.6,12.5,NA,8.60000038146973,2.43517317966578,NA,-13.3125,0,0,NA,12.3,-0.001931384
"118",43.2084667,-3.26715,-4.87334863008779,12,656,41,21,21,0,-1.93799127042597,350,3.01619735351244,100,0,0,88,0,0,-0.631917333663948,5,0.794557751254762,1.59081955127089,1115,2.04532297878666,13,2.72997428569956,1.86490840922538,773,36,2.1846914308176,41,9.64063453674316,13.7,37,42,3,9,59,82,5.19999980926514,90,14,18.6,12.5,NA,8.60000038146973,2.43517317966578,NA,-13.3125,0,0,NA,11.2,0.000769089000000001
"119",43.3089167,-3.2606,-5.57578194911733,12.9,656,41,23,21,0,-1.82585390071432,177.4375,3.01619735351244,100,0,0,88,0,0,-0.670323207494917,5,0.794557751254762,1.59081955127089,1115,2.04532297878666,13,2.72997428569956,1.86490840922538,773,31,2.1846914308176,43,12.8034610748291,13.7,37,42,3,9,59,82,5.30000019073486,90,14,18.6,12.5,NA,8.60000038146973,2.43517317966578,NA,-9.5390625,0,0,NA,12.7,-0.024089103
"120",37.6815333,-8.1181333,-6.00021471844079,13.2,479,25,14,22,64,-0.397055312580894,218.25,2.81690383937566,32,0.301029995663981,0,0,0,0,0.183003188984156,3.29999995231628,0.723619835515463,1.37843424206208,566,1.93951925261862,27,2.63848925695464,1.88255868820969,243,51,1.69897000433602,33,1.13734996318817,1.5,37,41,2,0,14,65,6.19999980926514,47,10.2,23.3,16.1,2.47856579108213,2.09999990463257,2.72621899742394,0.654175232310014,-0.609375,0,0,4.46172367967873,11.9,-0.04497802
"121",37.5162861,-8.0103889,-6.15580819922346,12.5,490,25,15,18,13,-0.807305420439706,240.5625,2.51982799377572,19,1.04139268515823,0,0,0,0,-0.207175058624685,3.59999990463257,0.225309281725863,0.792671789141567,580,1.95424250943932,16,2.67394199863409,1.76771971153746,263,49,1.76342799356294,35,1.7176958322525,3.1,32,50,2,0,19,67,6.30000019073486,49,9.9,22.9,15.8,2.47856579108213,2.59999990463257,2.72621899742394,0.654175232310014,-2.546875,0,0,4.46172367967873,11.3,-0.037507474
"122",37.617225,-7.6838,-5.56609145777643,14,464,23,19,18,4,-1.06349002879949,87.4375,2.48429983934679,42,0.477121254719662,0,0,0,0,-0.514677501770724,3.29999995231628,0.367355921026019,0.699577591398909,549,1.90308998699194,13,2.60422605308447,2.28067851058927,216,46,1.79239168949825,32,2.49555993080139,2.5,31,51,1,0,18,61,6.19999980926514,46,10.3,23.9,16.4,2.73126298275231,2.20000004768372,2.72621899742394,0.951807152899328,-1.515625,0,0,4.41678895075959,12.4,0.001733528
"123",37.5175194,-7.5791667,-6.06036285163796,13.5,479,23,17,17,1,-1.12185022791847,73.5625,2.66745295288995,34,1.30102999566398,0,13,0,0,-0.529390949841551,3.79999995231628,0.479719235439571,0.733999286538387,566,1.89762709129044,4,2.68752896121463,2.7359659788257,218,54,1.88081359228079,28,4.44497346878052,5,30,53,0,0,20,61,6.30000019073486,48,10.3,24,16,2.73126298275231,2.90000009536743,2.72621899742394,0.951807152899328,-3.546875,0,0,4.41678895075959,10.8,-7.02900000000002e-05
"124",49.373034,1.496544,-2.73174190114771,10.7,546,23,17,20,47,-0.648662946199204,144.75,2.54032947479087,3,0.778151250383644,0,100,0,0,0.864428814166647,5.19999980926514,0.893650816985964,1.6086543775121,682,1.80617997398389,18,2.97220283837906,1.70189595642055,428,15,1.8750612633917,66,5.79480218887329,2.7,36,44,3,7,45,58,5.40000009536743,77,10.8,17.3,10.1,3.042427654785,6.30000019073486,2.47296172028069,0.976990026252423,-3.3515625,0,0,4.70277074943919,10.2,0.049977739
"125",49.232267,1.867017,-2.88308773293489,10.5,545,23,21,20,67,-0.609462928475479,101.4375,2.82607480270083,0,1.11394335230684,5,100,0,0,0.928890701398863,5,1.43725892958346,1.89107448387508,661,1.78532983501077,6,3.00902574208691,1.94350440860623,288,20,1.69019608002851,57,2.1003041267395,2.1,35,46,1,6,33,57,6.59999990463257,75,10.7,17.6,10.1,3.042427654785,6.30000019073486,2.47296172028069,0.976990026252423,-3.546875,2,0,4.70277074943919,10.3,0.021772752
"126",49.111616,1.849061,-2.20661027956214,11.5,538,23,22,22,52,-0.603416721047248,108.4375,2.88138465677057,1,1.14612803567824,3,100,0,0,0.928254312071086,5.09999990463257,1.44018465407089,2.25703265158825,642,1.77085201164214,3,3.24303804868629,1.34346767746926,232,22,1.7160033436348,54,2.45389604568481,3.2,38,40,2,7,39,55,6.19999980926514,73,11,17.9,10.4,3.042427654785,6.30000019073486,2.47296172028069,0.976990026252423,-2.96875,5,0,4.70277074943919,10.7,0.065060259
"127",61.5324389,23.5449806,-5.48786440437265,9,416,29,19,5,2,-2.1155685879342,161.125,1.14612803567824,85,1.32221929473392,0,0,1.13987908640124,4.30293669970487,-1.50350700128566,6.80000019073486,2.46998539774214,1.62969495710551,596,1.78532983501077,0,2.74663419893758,3.92256540889015,300,36,1.6232492903979,42,0.608179271221161,3.4,27,66,8,50,146,68,4.5,86,9.5,15.8,2.8,2.37204926144242,10.5,NA,0.870003916474974,-0.2578125,2,12,4.13937846587406,8.1,6.91729999999996e-05
"128",61.5049444,23.450375,-5.95035676942762,9.1,419,29,17,6,9,-2.12689272637126,157.6875,1.50514997831991,80,1.44715803134222,0,0,1.16136800223497,4.52348633234323,-1.49322475789067,6.69999980926514,2.72953734526394,1.57482963530129,605,1.79239168949825,0,2.76192783842053,4.24280634662094,306,37,1.88081359228079,44,0.526338577270508,3,28,65,10,48,130,69,4.59999990463257,86,9.5,15.6,3.3,2.37204926144242,10.5,2.62945175351076,0.870003916474974,-0.4453125,2,12,4.13937846587406,7.2,0.000793013
"129",61.5769,24.1259917,-6.27987541840247,8.6,420,29,12,5,2,-2.31169341909905,168.6875,1.36172783601759,78,1.60205999132796,0,0,1.30749603791321,0.602059991327962,-1.70635568185603,6.80000019073486,0.848065895403991,1.55755532051209,595,1.79239168949825,0,2.96142109406645,1.64424158584373,290,48,1.61278385671974,39,1.1051789522171,2.1,29,64,10,47,116,68,4.5,85,9.2,15.8,3.5,2.37204926144242,10.8000001907349,2.62945175351076,0.870003916474974,0.4921875,2,18,4.13937846587406,8.3,-4.32049999999999e-05
"130",61.50585,23.9314528,-6.00169106009592,7.8,418,28,28,5,7,-2.30705888120253,133.5625,1.51851393987789,61,1.14612803567824,0,0,1.30749603791321,1.5910646070265,-1.72986340331588,6.69999980926514,1.78986263004638,2.51492610134678,585,1.78532983501077,0,3.49651451869775,1.79599118250291,297,19,1.32221929473392,49,0.655824482440948,2.2,28,65,9,43,107,68,4.69999980926514,85,9.3,15.9,3.6,2.37204926144242,11.6999998092651,NA,0.870003916474974,0.90625,40,16,4.13937846587406,8,0.000481791
"131",15.94825,-90.67535,-2.77300801012866,NA,1549,107,29,33,6,-1.88796984347317,191.1875,3.35564305022087,49,0,0,100,0.113943352306837,1.44715803134222,-0.295029850734939,4.19999980926514,2.14040118465141,2.05276702342099,3618,2.28780172993023,32,2.40140054078154,3.54073379366338,1621,38,1.93449845124357,29,0.647529423236847,8.5,34,33,0,0,37,100,5.90000009536743,95,22.9,27.2,24.5,2.70218101937268,5.90000009536743,2.27818178456752,1.36479912739479,-0.609375,0,0,3.9747150128845,NA,0.018467376
"132",15.94037,-90.67632,-3.49969089590338,NA,1549,107,28,33,6,-1.88796984347317,190.1875,3.35564305022087,49,0,0,100,0.113943352306837,1.44715803134222,-0.295029850734939,4.19999980926514,2.14040118465141,2.05276702342099,3618,2.28780172993023,32,2.40140054078154,3.54073379366338,1621,37,1.93449845124357,30,0.6090127825737,8.5,34,33,0,0,37,100,5.90000009536743,95,22.9,27.2,24.5,2.70218101937268,5.90000009536743,2.27818178456752,1.36479912739479,-0.0625,0,0,3.9747150128845,NA,0.013148922
"133",15.90793,-90.6682,-4.26740656927149,NA,1549,107,27,33,6,-2.18498757805903,183.625,3.35564305022087,49,0,0,100,0.113943352306837,1.44715803134222,-0.570729726596571,4.59999990463257,2.14040118465141,2.05276702342099,3618,2.28780172993023,32,2.40140054078154,3.54073379366338,1621,30,1.93449845124357,34,1.65250468254089,8.5,34,33,0,0,37,100,5.90000009536743,95,22.9,27.2,24.5,2.70218101937268,6.09999990463257,2.27818178456752,1.36479912739479,-1.2265625,0,0,3.9747150128845,NA,0.007502416
"134",15.92172,-90.65257,-4.21156668272081,NA,1549,107,29,33,6,-2.16169062844403,179.625,3.35564305022087,49,0,0,100,0.113943352306837,1.44715803134222,-0.577121054915292,4.30000019073486,2.14040118465141,2.05276702342099,3618,2.28780172993023,32,2.40140054078154,3.54073379366338,1621,36,1.93449845124357,31,0.909882068634033,8.5,34,33,0,0,37,100,5.90000009536743,95,22.9,27.2,24.5,2.70218101937268,6,2.27818178456752,1.36479912739479,-1.0625,0,0,3.9747150128845,NA,-0.031600839
"135",43.42873,-89.81822,-2.79671436318895,9.9,701,40,23,18,34,-1.93102446138044,366.375,3.74413645240125,54,0.301029995663981,2,69,0.0791812460476248,1.36172783601759,-1.17158366246299,4.30000019073486,1.47482792603444,1.3386158384906,830,1.77085201164214,11,2.47275644931721,3.01993838562096,315,14,1.56820172406699,61,4.02164506912231,3.9,44,38,1,18,33,70,5.90000009536743,79,9.2,21.5,6.8,3.00967526097179,10.3000001907349,2.26597133516591,0.940696392191615,-2.4375,1,10,4.70631198968679,8.2,0.051182728
"136",43.38441,-89.79604,-2.78234190628766,8.8,689,40,26,19,37,-1.79153050879595,329.1875,3.66209644541792,54,0,3,30,0.0413926851582251,0.602059991327962,-0.0291348751923171,4.30000019073486,0.761852694466383,1.0381033103059,814,1.77085201164214,12,2.29225607135648,2.35157407983045,322,20,1.43136376415899,52,6.2088828086853,4.5,44,37,1,16,32,69,5.80000019073486,77,9.5,21.8,7.3,3.00967526097179,9,2.26597133516591,0.940696392191615,-2.8671875,0,0,4.70631198968679,8.3,0.044654799
"137",43.1018,-90.1572,-2.3271189314397,9.1,683,40,24,13,21,-1.74385276626432,273.375,3.15836249209525,67,0.845098040014257,3,15,0.6232492903979,3.67338957818831,0.0867651277929607,4.09999990463257,2.74922366927514,1.38658813390779,817,1.75587485567249,4,2.57518784492766,4.83765180399492,287,17,1.32221929473392,56,3.35606741905212,1.6,39,48,2,23,43,68,6,82,9.7,21.7,5.7,3.01190916268139,9.89999961853027,2.26597133516591,0.907935404235687,-0.78125,1,29,4.74130687935232,7.9,0.079815262
"138",43.11382,-90.05852,-2.38568530674583,9.5,683,40,26,13,21,-1.72930487737564,268.875,3.15836249209525,67,0.845098040014257,3,15,0.6232492903979,3.67338957818831,0.0841779960142697,4.09999990463257,2.74922366927514,1.38658813390779,817,1.75587485567249,4,2.57518784492766,4.83765180399492,287,15,1.32221929473392,58,5.961745262146,1.6,39,48,2,23,43,68,6,82,9.7,21.7,5.7,3.01190916268139,9.69999980926514,2.26597133516591,0.907935404235687,-2.1015625,1,29,4.74130687935232,8.3,0.058340412
"139",30.41894,-97.81269,-5.77991369219119,18.5,472,36,26,24,22,-1.05144601234917,250.1875,3.07481644064517,9,0.301029995663981,4,37,0.146128035678238,4.06881642992222,-0.136021467622533,3.79999995231628,2.98861781004842,1.0509208369354,558,1.78532983501077,65,2.31806333496276,4.54226917394442,171,32,1.53147891704226,35,2.6875696182251,1.2,35,41,0,0,12,50,6.69999980926514,32,14.6,28.8,17.4,2.74684708342917,5.09999990463257,2.43517317966578,0.954595887424666,-4.015625,1,4,4.42958431691112,NA,0.000501848
"140",30.24457,-98.12511,-5.13887232661174,18.4,714,37,29,28,6,-1.3216882372521,363.8125,3.36772854608698,90,0,0,0,0,0,-0.322272542846357,3.29999995231628,1.00470819654434,1.74682873174348,845,1.79934054945358,56,2.5854607295085,1.38024743141055,181,28,1.65321251377534,40,1.72310626506805,2.4,41,30,0,0,21,52,7.30000019073486,51,14.2,28.1,19,2.71690982995683,3.59999990463257,2.47296172028069,0.923583708339025,-0.46875,0,0,4.43065924252442,NA,-0.007216985
"141",30.1688,-98.219,-6.02049096709011,18,728,38,28,28,6,-1.32157501487616,402.4375,3.3163897510732,76,0,0,0,0,0,-0.323038762893247,3.29999995231628,0.649140064144219,1.31016206520445,860,1.80617997398389,72,2.19033169817029,1.41835101684871,187,30,1.63346845557959,41,1.78623533248901,2.4,41,31,0,0,21,53,7.40000009536743,52,14.1,27.8,18.8,2.71690982995683,3.29999995231628,2.47296172028069,0.923583708339025,-1.0078125,0,0,4.43065924252442,NA,-0.000189015
"142",30.1381,-97.77395,-5.96002944796048,18.6,721,36,30,32,10,-1.28354878981477,186.3125,3.21827285357145,78,0,0,37,0,0,-0.368704946415969,3.09999990463257,2.11644834061633,2.25320711561504,852,1.80617997398389,47,3.13449585583467,2.44770520775563,196,34,1.65321251377534,32,1.18583762645721,1.9,39,29,0,0,18,51,6.59999990463257,51,14.8,28.7,19.2,2.74684708342917,3.70000004768372,2.43517317966578,0.954595887424666,-0.828125,14,0,4.42958431691112,NA,-2.74000000000021e-06
"143",21.44761,-157.85721,-1.81776175141137,20,402,13,32,16,0,NA,138.5625,3.21774707326279,0,0,0,0,0,0,NA,5.09999990463257,0,0,1355,1.99563519459755,0,0,0.996467890261717,2113,27,2.6730209071289,37,12.865683555603,7.2,36,47,52,24,146,100,5.19999980926514,100,0.3,10.5,4.8,NA,6.09999990463257,NA,NA,-0.59375,0,0,NA,20.5,0.156946794
"144",21.4951,-157.85899,-2.19110924813626,21.3,402,13,26,16,0,NA,76.0625,3.21774707326279,0,0,0,0,0,0,NA,4.80000019073486,0,0,1355,1.99563519459755,0,0,0.996467890261717,2113,33,2.6730209071289,38,6.8862476348877,7.2,36,47,52,24,146,100,5.5,100,0.3,10.5,4.8,NA,6.09999990463257,NA,NA,-1.1171875,0,0,NA,20.9,0.101496295
"145",21.56833,-157.89384,-2.77068354624066,20.4,402,13,26,16,0,NA,51,3.21774707326279,0,0,0,0,0,0,NA,4.80000019073486,0,0,1355,1.99563519459755,0,0,0.996467890261717,2113,33,2.6730209071289,37,5.56150484085083,7.2,36,47,52,24,146,100,5.40000009536743,100,0.3,10.5,4.8,NA,6.09999990463257,NA,NA,-5.2265625,0,0,NA,22.1,0.056268423
"146",21.63352,-158.05266,-5.05021462354467,21,402,13,28,16,0,NA,89.125,3.21774707326279,0,0,0,0,0,0,NA,4.19999980926514,0,0,1355,1.99563519459755,0,0,0.996467890261717,2113,34,2.6730209071289,35,8.1747932434082,7.2,36,47,52,24,146,100,6.09999990463257,100,0.3,10.5,4.8,NA,4.69999980926514,NA,NA,-1.3828125,0,0,NA,20.5,0.003424855
"147",-40.7781833,-71.1262167,-2.9459293081552,NA,597,14,14,15,0,-1.65787960126174,798.5625,3.47928731647617,38,1.41497334797082,0,0,1.16435285578444,4.95498018321336,0.334847679596283,5.40000009536743,1.60358818751052,0.9887372752888,1053,2.13033376849501,8,2.26245108973043,4.29443926379413,746,57,2.45939248775923,27,9.545241355896,14.4,20,63,20,19,89,76,6.30000019073486,74,2.2,13.7,6.8,2.46152672758335,5.69999980926514,2.93838771864774,0.510422139619223,-2.90625,0,13,4.58843770887074,1.6,0.049943518
"148",-40.7532167,-71.1205167,-4.29606804500373,4.5,597,14,11,15,0,-1.6280364653758,767.125,3.47928731647617,38,1.41497334797082,0,0,1.16435285578444,4.95498018321336,0.140974479541509,5.69999980926514,1.60358818751052,0.9887372752888,1053,2.13033376849501,8,2.26245108973043,4.29443926379413,746,59,2.45939248775923,26,10.7477912902832,14.4,20,63,20,19,89,76,6.19999980926514,74,2.2,13.7,6.8,2.46152672758335,6.30000019073486,2.93838771864774,0.510422139619223,-10.1015625,0,13,4.58843770887074,1.9,0.011803355
"149",-40.8217,-71.1061,-2.90641942365271,NA,597,14,13,15,0,-1.51927291189917,744.5,3.47928731647617,38,1.41497334797082,0,0,1.16435285578444,4.95498018321336,0.294098627590728,5.40000009536743,1.60358818751052,0.9887372752888,1053,2.13033376849501,8,2.26245108973043,4.29443926379413,746,57,2.45939248775923,28,4.68943023681641,14.4,20,63,20,19,89,76,6.5,74,2.2,13.7,6.8,2.46152672758335,5.59999990463257,2.93838771864774,0.510422139619223,-3.2578125,0,13,4.58843770887074,1.5,0.047949389
"150",-40.7163167,-71.0999833,-2.86443946719506,4.4,564,14,13,18,0,-1.61425873027547,815.3125,3.51772359483374,46,0.845098040014257,0,0,0.806179973983887,3.80407124888566,-0.844858039870788,6.09999990463257,0.748885440009517,0.642365580844973,931,2.11058971029925,11,2.03742649794062,3.41004362623334,733,58,2.46686762035411,28,12.1608409881592,18.7,22,58,21,21,98,73,6.09999990463257,71,1.9,13.4,6.1,2.46152672758335,6.19999980926514,2.93838771864774,0.510422139619223,-12.140625,0,5,4.58843770887074,2.9,0.051317549
"151",66.3262333,29.552,-5.86614094643977,6.5,198,16,4,8,0,-2.38121654695222,214.8125,4.22541267286595,0,1.79239168949825,0,0,0,0,-0.616431585971773,6.59999990463257,0.00216606175650763,0.0174507295105361,377,1.6232492903979,0,0,1.56433459595128,547,62,2.11058971029925,34,1.03666388988495,13.3,44,48,4,70,158,92,4.69999980926514,96,-0.2,5.5,-11.1,2.05695485469886,7.90000009536743,2.57829923884057,0.469613121264805,-0.9609375,0,0,4.22467485434067,6.7,0.000446497
"152",66.3387083,29.52005,-4.15611992839092,7.1,198,16,5,8,0,-2.79735381105127,185,4.22541267286595,0,1.79239168949825,0,0,0,0,-1.07808290953778,6.59999990463257,0.00216606175650763,0.0174507295105361,377,1.6232492903979,0,0,1.56433459595128,547,61,2.11058971029925,33,2.73732662200928,13.3,44,48,4,70,158,92,4.69999980926514,96,-0.2,5.5,-11.1,2.05695485469886,8.39999961853027,2.57829923884057,0.469613121264805,0.0703125,0,0,4.22467485434067,6.7,0.012418694
"153",66.3794417,29.4235083,-6.01586913118255,5.9,198,16,6,8,0,-2.79282034873946,223.4375,4.22541267286595,0,1.79239168949825,0,0,0,0,-1.06750833766139,6.59999990463257,0.00216606175650763,0.0174507295105361,377,1.6232492903979,0,0,1.56433459595128,547,64,2.11058971029925,30,1.10410535335541,13.3,44,48,4,70,158,92,4.59999990463257,96,-0.2,5.5,-11.1,2.05695485469886,9,2.62945175351076,0.469613121264805,-0.84375,0,0,4.22467485434067,2.1,0.000254563
"154",66.3398,29.3286333,-3.96873812930032,9.5,198,16,5,8,0,-2.79371407581929,266.125,4.22541267286595,0,1.79239168949825,0,0,0,0,-1.06736400644997,6.69999980926514,0.00216606175650763,0.0174507295105361,377,1.6232492903979,0,0,1.56433459595128,547,63,2.11058971029925,31,3.85829663276672,13.3,44,48,4,70,158,92,4.59999990463257,96,-0.2,5.5,-11.1,2.05695485469886,8.30000019073486,2.62945175351076,0.469613121264805,0.6484375,0,0,4.22467485434067,2.7,0.016595536
"155",45.0157683,-87.147135,-5.32458003102508,8.2,633,33,16,7,20,NA,182,2.55630250076729,27,1.79239168949825,0,0,1.6170003411209,1.41497334797082,NA,4.90000009536743,0.361538971269279,1.06513137214021,773,1.81954393554187,3,2.58658730467176,1.34464766591941,216,54,1.04139268515823,27,0.837053239345551,0.8,29,61,9,25,55,72,5.90000009536743,84,9,20,6.4,2.72185654775353,7.80000019073486,NA,0.786485917113067,-0.265625,0,59,4.57270375154707,7.1,-0.012730619
"156",44.9855517,-87.191485,-4.15490304622569,7.9,633,33,17,7,20,NA,190.3125,2.55630250076729,27,1.79239168949825,0,0,1.6170003411209,1.41497334797082,NA,4.69999980926514,0.361538971269279,1.06513137214021,773,1.81954393554187,3,2.58658730467176,1.34464766591941,216,45,1.04139268515823,34,0.347382813692093,0.8,29,61,9,25,55,72,5.90000009536743,84,9,20,6.4,2.86452631701747,8.39999961853027,NA,0.897968794475212,0.4375,0,59,4.60389064344887,7,0.004394581
"157",45.0972017,-87.0821683,-5.02832473374704,8.2,626,33,13,7,4,-1.92440571859002,184.75,2.02118929906994,34,1.91381385238372,0,0,1.70926996097583,0.477121254719662,-1.18734330488423,4.59999990463257,0.281260687055013,0.813180532586012,765,1.82607480270083,1,2.04139268515822,1.42781057267599,217,55,0.845098040014257,26,1.26332485675812,0.5,28,61,16,31,65,72,5.69999980926514,84,9,19.8,6.4,2.72185654775353,8.69999980926514,NA,0.786485917113067,-0.1171875,0,86,4.57270375154707,8.3,-0.005398688
"158",45.1240517,-87.2387517,-3.83175041648703,8.3,640,33,21,8,23,-1.94693621824436,194,2.40823996531185,30,1.7160033436348,0,49,1.68574173860226,0,-1.15156956910019,4.5,0.379668034033654,1.00013026880523,777,1.81291335664286,3,2.59549622182557,1.58077676592016,209,37,1.11394335230684,39,2.38341045379639,1,31,60,6,23,61,71,5.80000019073486,83,8.9,20.2,6.4,2.72185654775353,7.69999980926514,NA,0.786485917113067,-1.65625,0,39,4.57270375154707,7.5,0.010953883
"159",32.3671667,131.1771639,-4.21458206010798,10.8,927,72,28,15,0,-2.24888507283842,1105.375,3.95602428228068,100,1.41497334797082,0,0,0,0,-0.417450227082716,6.90000009536743,0.333044029823487,0.819412311209325,3156,2.1846914308176,0,2.74350976472843,2.42328684318186,1681,32,2.62838893005031,37,7.59706830978394,21.4,47,38,1,13,98,100,4.90000009536743,100,13.9,22.6,12,3.00056961791007,5.40000009536743,2.50770635175989,1.16660802407262,-6.484375,0,0,4.47129471474406,9.7,0.002435784
"160",32.3677861,131.1724639,-4.25658059056371,NA,927,72,29,15,0,-2.35165672403831,1108.25,3.95602428228068,100,1.41497334797082,0,0,0,0,-0.376093162899712,6.80000019073486,0.333044029823487,0.819412311209325,3156,2.1846914308176,0,2.74350976472843,2.42328684318186,1681,32,2.62838893005031,36,6.82833337783813,21.4,47,38,1,13,98,100,4.90000009536743,100,13.9,22.6,12,3.00056961791007,5.19999980926514,2.50770635175989,1.16660802407262,-4.8125,0,0,4.47129471474406,10.2,0.009073859
"161",32.3754806,131.1783417,-3.25642965005147,11.3,927,72,28,15,0,-2.24888507283842,1152.375,3.95602428228068,100,1.41497334797082,0,0,0,0,-0.417450227082716,6.90000009536743,0.333044029823487,0.819412311209325,3156,2.1846914308176,0,2.74350976472843,2.42328684318186,1681,32,2.62838893005031,36,10.8412780761719,21.4,47,38,1,13,98,100,4.80000019073486,100,13.9,22.6,12,3.00056961791007,5.40000009536743,2.50770635175989,1.16660802407262,-1.8515625,0,0,4.47129471474406,10.7,0.0350162
"162",32.3765083,131.1721389,-4.10607612873401,10.3,927,72,29,15,0,-2.35165672403831,1117.1875,3.95602428228068,100,1.41497334797082,0,0,0,0,-0.376093162899712,6.80000019073486,0.333044029823487,0.819412311209325,3156,2.1846914308176,0,2.74350976472843,2.42328684318186,1681,32,2.62838893005031,35,5.49636697769165,21.4,47,38,1,13,98,100,4.90000009536743,100,13.9,22.6,12,3.00056961791007,5.19999980926514,2.50770635175989,1.16660802407262,1.1953125,0,0,4.47129471474406,10.1,0.00711572
"163",65.497,27.546,-4.23133349095595,NA,225,4,8,7,0,-2.76047196079844,156.6875,3.08919836680515,0,1.89209460269048,0,0,0,0.698970004336019,-1.13273186375709,6.80000019073486,0.00216606175650763,0.0174507295105361,373,1.43136376415899,0,1.57978359661681,1.74795530690673,481,56,1.92941892571429,35,0.806066632270813,3.8,41,51,47,69,116,90,4.69999980926514,93,-6.3,8.3,-8.3,2.05695485469886,10,NA,0.469613121264805,0.765625,0,0,4.22467485434067,NA,-0.01059698
"164",65.66,28.404,-4.32303851354748,NA,369,7,7,8,0,-2.76634078291566,211.5625,1.23044892137827,83,1.53147891704226,0,0,1.02530586526477,2.9484129657786,-1.09498252550866,7,0.574262829707027,0.494571984230199,577,1.7160033436348,0,1.93951925261862,3.03173840269714,421,55,1.46239799789896,37,0.377005755901337,2.6,31,60,69,61,175,86,4.80000019073486,90,0.6,14.4,-0.4,2.05695485469886,10.6999998092651,2.62945175351076,0.469613121264805,-0.796875,0,8,4.22467485434067,NA,0.004637045
"165",65.634,28.261,-3.46366968689477,NA,371,7,6,8,0,-2.78989616066703,211,1.14612803567824,96,1.41497334797082,0,0,0.414973347970818,1.04139268515823,-1.08967363480031,7.09999990463257,0.102776614883441,0.451479405124862,574,1.7160033436348,0,1.72427586960079,1.7052648623174,432,57,1.63346845557959,36,1.04872643947601,2.6,29,63,76,62,193,86,4.90000009536743,90,0.4,14.1,-0.3,2.05695485469886,11.1999998092651,2.62945175351076,0.469613121264805,-0.765625,0,0,4.22467485434067,NA,0.013997748
"166",65.532,28.073,-4.63283166129328,NA,371,7,5,7,0,-2.3554193144438,236.8125,1.23044892137827,86,1.57978359661681,0,0,1.00860017176192,3.41212440617332,-0.633556108488804,7.09999990463257,0.986144464710521,0.521138083704036,581,1.70757017609794,0,2.07554696139253,3.64281161922934,417,61,1.7481880270062,34,0.697761118412018,2.6,29,62,72,61,173,84,4.69999980926514,90,0.9,14.5,-0.3,2.05695485469886,10,2.62945175351076,0.469613121264805,-1.5859375,0,8,4.22467485434067,NA,-0.002384529
"167",59.747187,16.348707,-6.10518165984315,5,445,14,20,8,10,-1.64548519282722,75.3125,1.82607480270083,80,0.602059991327962,0,0,0.707570176097936,2.12057393120585,-0.953896707065955,5.80000019073486,0.82052984852352,1.06554237051914,624,1.7481880270062,1,2.57287160220048,2.31807795039651,232,36,1.38021124171161,42,1.20270788669586,2.2,28,63,42,42,113,76,4.69999980926514,85,6.3,16.6,5.3,2.45591098958019,8.30000019073486,2.62945175351076,0.861089947812172,-0.578125,0,4,4.23215416267463,3.9,0.000616424
"168",59.646851,15.942801,-5.56363956138141,4.4,451,14,18,9,16,-2.35782940441146,66.375,2.02530586526477,70,0.903089986991944,0,0,0.531478917042255,1.17609125905568,-1.66039806805313,6,0.932473764677153,1.67638263489674,639,1.77085201164214,1,2.80888586735981,1.67764344652178,228,38,1.51851393987789,41,3.06876826286316,2,29,63,42,39,112,76,4.59999990463257,84,6.4,16.8,5.7,2.45591098958019,8.80000019073486,2.62945175351076,0.861089947812172,-1.9140625,10,1,4.23215416267463,4.2,-0.00162441
"169",59.854925,15.998591,-5.70599993139716,5.5,459,14,19,7,0,-2.35326805546387,103.8125,1.56820172406699,91,1,0,0,1,3.40993312333129,-1.66198478204439,6.19999980926514,1.69003651397021,1.29351723766387,693,1.76342799356294,0,2.5910646070265,3.40380386834788,260,39,1.44715803134222,40,0.705054104328156,4,26,65,51,47,143,78,4.5,88,6,16.5,4.5,2.45591098958019,8.30000019073486,2.62945175351076,0.861089947812172,-0.7265625,1,9,4.23215416267463,4.6,0.001104173
"170",59.885325,15.885905,-5.84022232130706,5.2,453,14,14,8,0,-2.35346981873815,133.375,1.30102999566398,97,0,0,0,0.924279286061882,1.85733249643127,-1.66213840338168,6.5,0.619927710291468,1.22515414884981,656,1.77085201164214,0,2.27646180417324,1.57616851960781,260,47,1.39794000867204,38,1.50544142723083,1.9,27,66,56,45,126,78,4.59999990463257,86,5.9,16.5,5.3,2.45591098958019,8.10000038146973,2.62945175351076,0.861089947812172,0.5703125,0,4,4.23215416267463,4.3,0.000624421
"171",-46.25886,-72.39667,-5.77225897948337,1,497,16,21,15,0,-2.07235261347115,1000.1875,3.60390183173167,38,1.93449845124357,0,0,0.0791812460476248,0.602059991327962,-0.773026045596137,6.19999980926514,0.0322157032979816,0.143951116423963,900,2.02530586526477,5,1.79239168949825,1.94050154335162,591,52,2.63548374681491,24,16.0458354949951,20.1,16,66,17,38,88,92,5.69999980926514,88,0.3,7.8,3,1.51481221626825,7.30000019073486,2.59571394365964,-0.152648606933004,-13.921875,0,0,4.30479394410787,0.1,0.00178419
"172",-45.35625,-71.77115,-5.66340473880422,0.9,510,16,15,12,0,-1.89350163495146,1077.125,2.84385542262316,90,0,0,0,0,0,-0.947848233104057,5.90000009536743,0.361538971269279,0.9451730461739,821,2.05307844348342,4,1.90308998699194,2.19843163510732,1163,59,2.5327543789925,24,2.86368370056152,9.3,29,59,18,20,125,79,5.69999980926514,80,2.1,10,4.8,1.51351421103053,6.09999990463257,2.93838771864774,-0.0359412344736293,0.1484375,0,0,4.18678856641078,0.7,0.001746166
"173",-45.29717,-71.77717,-6.68229680916052,2.1,510,16,14,12,0,-2.02439878601195,750.6875,2.84385542262316,90,0,0,0,0,0,-0.91754033437122,6.30000019073486,0.361538971269279,0.9451730461739,821,2.05307844348342,4,1.90308998699194,2.19843163510732,1163,61,2.5327543789925,24,5.60922145843506,9.3,29,59,18,20,125,79,5.90000009536743,80,2.1,10,4.8,1.51351421103053,5.5,2.93838771864774,-0.0359412344736293,-1.0703125,0,0,4.18678856641078,1,-0.000357163
"174",-45.64016,-72.21484,-6.61998871010028,2.6,463,21,15,17,0,-2.27005050242532,922.75,3.44466923093852,38,0.477121254719662,0,0,0,0.778151250383644,-0.717042296897964,7,1.10520351571034,0.810837151140488,675,2.29225607135648,24,2.28330122870355,3.56900887864994,1076,59,2.22271647114758,25,12.198392868042,9.3,22,60,19,15,91,97,5.59999990463257,72,4.5,12.1,5.3,1.51351421103053,7.69999980926514,2.97313230904768,-0.0359412344736293,0.4375,0,0,4.18678856641078,2.2,0.000210935
"175",40.0801667,-8.2031361,-4.68789049189707,9.7,684,23,18,15,1,-1.41016612896276,683.8125,3.00086772153123,99,0,1,0,0,0,-0.907755195461773,4.30000019073486,1.33427275740716,1.69986373074626,1162,2.14612803567824,3,2.81224469680037,2.53118247377422,500,51,2.19033169817029,29,13.1483631134033,15.2,34,51,12,8,56,63,5.19999980926514,76,11.7,21.9,13.7,2.43339747473438,7.09999990463257,2.59571394365964,0.645216792046144,-13.578125,3,0,4.42551380359485,9.3,-0.007815303
"176",40.290952,-8.390587,-5.26002342887236,13.2,698,24,14,18,3,-1.13918342391871,134.0625,2.81157500587059,76,0.778151250383644,4,9,0,0,-1.04440194388097,4.19999980926514,1.36447594878701,2.29856708992076,1013,2.12710479836481,5,3.12450422483428,1.71754568780327,588,51,2.12710479836481,33,6.22000980377197,7,35,47,10,5,39,62,6.09999990463257,72,12.5,21.7,15.4,2.43339747473438,5.59999990463257,2.59571394365964,0.645216792046144,-5,22,0,4.42551380359485,10.7,-0.038465805
"177",40.0749722,-8.24625,-5.87501146211071,11.6,684,23,19,15,1,-1.37179215263614,820.8125,3.00086772153123,99,0,1,0,0,0,-0.926012217938515,4.5,1.33427275740716,1.69986373074626,1162,2.14612803567824,3,2.81224469680037,2.53118247377422,500,50,2.19033169817029,30,12.007420539856,15.2,34,51,12,8,56,63,5.09999990463257,76,11.7,21.9,13.7,2.43339747473438,7.09999990463257,2.59571394365964,0.645216792046144,1.1640625,3,0,4.42551380359485,9.7,-0.024438749
"178",40.0564444,-8.2126389,-6.11868946739822,10.5,677,23,14,17,2,-1.07660505527239,923.0625,2.66838591669,97,0,2,0,0,0,-0.887329178711604,4.59999990463257,1.06602759494886,1.71123341275343,1048,2.14921911265538,6,2.4983105537896,2.00109304543486,411,54,2.17318626841227,30,5.96216106414795,9.8,34,49,7,4,49,64,5.19999980926514,73,11.4,21.5,14.4,2.43339747473438,6.69999980926514,2.59571394365964,0.645216792046144,-0.8125,0,0,4.42551380359485,8.6,-0.008904288
"179",47.3738194,-123.3230194,-3.62184836700155,NA,635,20,19,16,0,-1.95299794733454,371.6875,3.17840134153376,100,0.301029995663981,0,0,0,0,-1.14215118851438,5.09999990463257,0.119585774961784,0.332438459915605,2383,2.52633927738984,0,1.07918124604762,2.73990130271929,1713,39,2.39445168082622,39,14.6899919509888,20.3,43,42,57,31,123,96,5.19999980926514,88,5.2,16.4,7.9,2.1151511211395,9.10000038146973,2.31597031344335,0.489269438058058,1.828125,0,2,4.26321480398805,3.6,0.023011621
"180",47.0849194,-122.9747778,-2.65422025798017,9.6,618,20,9,13,0,-1.72602364626406,22.0625,2.22530928172586,99,1.99122607569249,0,0,0,1.44715803134222,-1.26433308377501,5,1.34097921660364,2.26486266632015,1371,2.36735592102602,1,2.95520653754194,2.22366464185241,1324,47,2.05307844348342,34,3.23399949073792,3.8,34,53,51,20,69,83,5.40000009536743,77,6.4,17.7,10.5,NA,10.8000001907349,NA,NA,-1.625,7,40,NA,6.3,0.06004522
"181",47.0101917,-122.9927778,-2.92319583990599,9.2,618,20,25,13,0,-1.81519731255723,37.75,2.22530928172586,99,1.99122607569249,0,0,0,1.44715803134222,-1.24045349078817,4.69999980926514,1.34097921660364,2.26486266632015,1371,2.36735592102602,1,2.95520653754194,2.22366464185241,1324,35,2.05307844348342,37,2.00849294662476,3.8,34,53,51,20,69,83,5.40000009536743,77,6.4,17.7,10.5,NA,10.5,NA,NA,-0.609375,7,40,NA,5.6,0.051418618
"182",47.0807222,-122.9819056,-2.52280428691251,8.2,618,20,12,13,0,-1.72426930351277,45.125,2.22530928172586,99,1.99122607569249,0,0,0,1.44715803134222,-1.26461242113107,5.09999990463257,1.34097921660364,2.26486266632015,1371,2.36735592102602,1,2.95520653754194,2.22366464185241,1324,46,2.05307844348342,36,2.4128999710083,3.8,34,53,51,20,69,83,5.40000009536743,77,6.4,17.7,10.5,NA,10.1000003814697,NA,NA,0.7421875,7,40,NA,6.3,0.078118303
"183",46.4911111,9.8991667,-4.69829475597857,NA,366,22,13,12,0,-1.4286555162918,1813.75,4.12139568070722,11,0.602059991327962,0,0,0.0413926851582251,0.301029995663981,0.349539090850212,5.30000019073486,0.744371227331861,1.42478366441982,1420,2.02530586526477,70,2.29003461136252,2.24127496168686,1051,45,2.82607480270083,39,9.51873683929443,24.4,39,48,38,59,68,100,5.59999990463257,100,0.8,6.1,-1.4,3.02738080554128,7.30000019073486,2.59571394365964,1.14451046741041,-10.15625,0,5,4.52020345903748,-0.1,-0.002866601
"184",46.4911111,9.8991667,-4.96651214638294,NA,366,22,13,12,0,-1.4286555162918,1813.75,4.12139568070722,11,0.602059991327962,0,0,0.0413926851582251,0.301029995663981,0.349539090850212,5.30000019073486,0.744371227331861,1.42478366441982,1420,2.02530586526477,70,2.29003461136252,2.24127496168686,1051,45,2.82607480270083,39,9.51873683929443,24.4,39,48,38,59,68,100,5.59999990463257,100,0.8,6.1,-1.4,3.02738080554128,7.30000019073486,2.59571394365964,1.14451046741041,-10.15625,0,5,4.52020345903748,0.4,-0.005500204
"185",46.4911111,9.8991667,-4.66852775139513,3.9,366,22,13,12,0,-1.4286555162918,1813.75,4.12139568070722,11,0.602059991327962,0,0,0.0413926851582251,0.301029995663981,0.349539090850212,5.30000019073486,0.744371227331861,1.42478366441982,1420,2.02530586526477,70,2.29003461136252,2.24127496168686,1051,45,2.82607480270083,39,9.51873683929443,24.4,39,48,38,59,68,100,5.59999990463257,100,0.8,6.1,-1.4,3.02738080554128,7.30000019073486,2.59571394365964,1.14451046741041,-10.15625,0,5,4.52020345903748,-0.9,-0.002170909
"186",46.4911111,9.8991667,-5.16683692568797,3.9,366,22,13,12,0,-1.4286555162918,1813.75,4.12139568070722,11,0.602059991327962,0,0,0.0413926851582251,0.301029995663981,0.349539090850212,5.30000019073486,0.744371227331861,1.42478366441982,1420,2.02530586526477,70,2.29003461136252,2.24127496168686,1051,45,2.82607480270083,39,9.51873683929443,24.4,39,48,38,59,68,100,5.59999990463257,100,0.8,6.1,-1.4,3.02738080554128,7.30000019073486,2.59571394365964,1.14451046741041,-10.15625,0,5,4.52020345903748,0.1,-0.006433509
"187",39.2358333,-76.7583333,-3.62609520831795,8.3,837,30,18,19,26,-1.66605575438077,101.875,3.7001843296222,60,0.602059991327962,0,18,0.301029995663981,2.35793484700045,0.109806191392082,4.59999990463257,2.31687575471168,2.41147323312659,1092,1.95904139232109,6,3.30168094929358,2.95598391221091,550,41,1.70757017609794,39,3.20643663406372,3,37,44,2,5,35,76,5,82,7.5,24.4,11.6,2.91180970095901,5.40000009536743,2.31597031344335,1.00424102860768,1.4609375,19,31,4.54490179325795,9.8,0.012375265
"188",39.2422222,-76.7513889,-3.03647866676543,8.5,837,30,17,19,26,-1.79433585631157,62.1875,3.7001843296222,60,0.602059991327962,0,18,0.301029995663981,2.35793484700045,-0.999314782712629,4.69999980926514,2.31687575471168,2.41147323312659,1092,1.95904139232109,6,3.30168094929358,2.95598391221091,550,42,1.70757017609794,39,5.12043333053589,3,37,44,2,5,35,76,4.90000009536743,82,7.5,24.4,11.6,2.91180970095901,5.80000019073486,2.31597031344335,1.00424102860768,-6.015625,19,31,4.54490179325795,8.2,0.033923857
"189",39.2333333,-76.7416667,-4.41951353015807,8.3,837,30,18,19,26,-1.78603745242515,101.6875,3.7001843296222,60,0.602059991327962,0,18,0.301029995663981,2.35793484700045,-1.00120899634283,4.5,2.31687575471168,2.41147323312659,1092,1.95904139232109,6,3.30168094929358,2.95598391221091,550,43,1.70757017609794,36,2.86061716079712,3,37,44,2,5,35,76,5.19999980926514,82,7.5,24.4,11.6,2.91180970095901,4.90000009536743,2.31597031344335,1.00424102860768,1.8359375,19,31,4.54490179325795,7.1,-0.050738707
"190",39.2358333,-76.7583333,-3.4752755650288,10.7,837,30,18,19,26,-1.66605575438077,101.875,3.7001843296222,60,0.602059991327962,0,18,0.301029995663981,2.35793484700045,0.109806191392082,4.59999990463257,2.31687575471168,2.41147323312659,1092,1.95904139232109,6,3.30168094929358,2.95598391221091,550,41,1.70757017609794,39,3.20643663406372,3,37,44,2,5,35,76,5,82,7.5,24.4,11.6,2.91180970095901,5.40000009536743,2.31597031344335,1.00424102860768,1.4609375,19,31,4.54490179325795,7.8,0.013866736
"191",45.3064972,-71.9349583,-3.52212639321542,7.3,698,39,16,8,17,-2.19894302160897,284.5625,2.36921585741014,96,0.301029995663981,0,68,0.653212513775344,2.78103693862113,0.0935462155554942,5.40000009536743,1.09408662708319,1.29918031074535,1084,1.94448267215017,6,2.31806333496276,3.05188460811187,741,37,1.85125834871908,44,7.62930679321289,3.5,35,56,6,32,79,84,4.90000009536743,91,7,18.9,4.5,2.70289763290488,10.6999998092651,2.40011503795659,1.04361083211981,3.5078125,0,10,4.29661992169169,6.3,0.025935593
"192",45.5941389,-72.1447944,-5.6502891022162,6.1,684,39,14,9,6,-2.04580568859377,158.125,2.06445798922692,98,0,0,0,0.929418925714293,2.48855071650044,-0.936830868157162,4.80000019073486,0.670060217473134,1.26283063485566,1091,1.95424250943932,4,2.26717172840301,2.65865615532801,739,46,1.92427928606188,39,0.701651513576508,4,37,54,5,34,84,88,5.30000019073486,91,6.7,19,4.5,2.70289763290488,10.5,2.48812264618093,1.04361083211981,-0.578125,0,5,4.29661992169169,6.7,-0.00061482
"193",45.3725778,-71.209975,-3.50280906630937,7.5,660,39,13,7,3,-2.05275684732075,395.8125,1.83250891270624,100,0,0,0,0,0,0.193379219060647,5.69999980926514,0.117271295655764,0.524266268766979,1088,1.94448267215017,3,2.15836249209525,1.99987403633463,724,44,2.07554696139253,42,2.22614860534668,4.7,34,59,11,41,106,92,4.90000009536743,94,5.4,16.6,2.9,2.70289763290488,9.89999961853027,2.40011503795659,1.04361083211981,-1.078125,0,2,4.29661992169169,6.6,0.025708787
"194",45.5448611,-73.1571667,-4.11289015351919,6.9,661,35,11,20,66,-2.13017840322528,187.6875,3.15866398081399,30,0.778151250383644,2,0,0.0791812460476248,0.477121254719662,-1.0379574196444,5,1.08728439145376,1.79262278474292,984,1.90848501887865,1,2.53147891704225,2.21650370214797,628,44,1.14612803567824,39,4.33179569244385,1.4,45,35,1,27,51,76,5.09999990463257,86,8.2,20.6,6,2.75321996377848,10.3000001907349,2.36232642911299,0.990261283970751,-3.8984375,1,0,4.40029180071435,7.5,0.007872204
"195",40.494362,-79.076763,-4.83084280770649,9.4,822,47,26,19,11,-1.84287343416428,437.125,3.20897851727625,92,0,0,0,0.0413926851582251,0.698970004336019,0.16559453884811,5.40000009536743,1.25120005547218,1.54707286988732,1157,1.88649072517248,1,2.73078227566639,2.93062662734516,623,22,1.86332286012046,49,4.14567041397095,4.7,41,41,3,9,46,73,4.90000009536743,87,10,20.7,8.4,2.96697036732174,7.40000009536743,2.47296172028069,1.15197043732542,-2.34375,0,0,4.45233305090294,10.1,0.005003104
"196",40.579405,-79.000631,-5.64719790876883,9.4,826,47,18,19,11,-1.91502613244247,402.4375,3.30384377488865,93,0,0,0,0.342422680822206,1.68124123737559,-0.885149859733028,5.09999990463257,0.702258163162094,1.40365233491133,1159,1.89209460269048,2,2.66275783168157,2.27985622234425,643,25,1.89209460269048,51,3.02260899543762,5.4,40,41,3,7,42,75,5,87,9.9,20.6,8.6,2.96697036732174,7.5,2.31597031344335,1.15197043732542,-3.5625,0,0,4.45233305090294,NA,0.00127262
"197",40.66787,-79.014904,-6.02434565409725,10.5,824,47,20,18,18,-1.8520307043058,383.75,3.34301449715077,71,0,0,0,0.230448921378274,1.46239799789896,0.171046091678936,5.19999980926514,1.5218961289761,2.10164742216645,1150,1.88649072517248,4,2.88761730033574,2.55001910728508,638,20,1.72427586960079,51,5.16170883178711,5,39,43,4,8,37,73,5.19999980926514,87,10.2,20.9,8.7,2.96697036732174,8.5,2.31597031344335,1.15197043732542,-10.640625,7,0,4.45233305090294,NA,6.9721e-05
"198",40.825462,-78.970213,-5.77542617792382,9.6,813,47,21,19,8,-1.88476553701687,440.5,3.20057692675485,94,0,0,31,0.0413926851582251,0.301029995663981,-0.813279499705741,5.09999990463257,0.445915413951123,1.11885969540959,1155,1.89209460269048,1,2.1846914308176,2.03277182469367,682,21,1.84509804001426,55,4.87433099746704,6,39,42,3,9,36,77,5.09999990463257,88,9.5,20.2,8.2,2.96697036732174,7.80000019073486,2.47296172028069,1.15197043732542,-1.71875,0,0,4.45233305090294,9.5,0.001059606
"199",43.4283333,2.2202222,-4.779193984596,8.1,670,19,22,15,11,-1.47740812714538,762.125,2.65801139665711,66,0,3,32,0.204119982655925,0.778151250383644,-0.818154212094097,5.19999980926514,0.710878617685173,1.50689720855057,849,1.83884909073726,7,2.87621784059164,1.7696505206724,490,39,2.49136169383427,36,3.02630257606506,6.1,34,52,11,7,55,70,5.69999980926514,79,7.5,19.6,11.3,2.78696120955656,6.59999990463257,3.12182411479652,1.01614114370694,-4.1484375,0,0,4.40815318675623,6.9,0.002889029
"200",43.4148611,2.2185556,-5.26666289767291,7.9,670,19,20,15,11,-1.47740812714538,775.0625,2.65801139665711,66,0,3,32,0.204119982655925,0.778151250383644,-0.818154212094097,5.30000019073486,0.710878617685173,1.50689720855057,849,1.83884909073726,7,2.87621784059164,1.7696505206724,490,39,2.49136169383427,38,5.34920024871826,6.1,34,52,11,7,55,70,5.90000009536743,79,7.5,19.6,11.3,2.78696120955656,6.30000019073486,3.12182411479652,1.01614114370694,1.0703125,0,0,4.40815318675623,7.3,0.000894634
"201",43.4205,2.2419444,-5.31258892246036,8.2,670,19,21,15,11,-1.50569496089121,822.25,2.65801139665711,66,0,3,32,0.204119982655925,0.778151250383644,-0.810896401892704,5.19999980926514,0.710878617685173,1.50689720855057,849,1.83884909073726,7,2.87621784059164,1.7696505206724,490,40,2.49136169383427,36,5.99701023101807,6.1,34,52,11,7,55,70,5.69999980926514,79,7.5,19.6,11.3,2.78696120955656,6.30000019073486,3.12182411479652,1.01614114370694,-0.796875,0,0,4.40815318675623,7.9,-0.013474212
"202",43.4185278,2.1880278,-5.14454189996161,8.8,659,19,23,21,26,-1.50117459320918,745.6875,3.05880548667591,39,0,10,54,0.0413926851582251,0.301029995663981,-0.810687480010082,5.09999990463257,0.747100931364986,1.47729493777813,805,1.81954393554187,23,2.90741136077459,1.7455353992962,460,37,2.34830486304816,37,5.09050464630127,4.8,36,43,6,4,34,64,6,75,8.4,20.6,12.3,2.78696120955656,6,3.12182411479652,1.01614114370694,-3.40625,0,0,4.40815318675623,8.2,-0.003969249
"203",53.989981,-9.523651,-2.8667097933142,10.3,532,50,17,13,1,-1.37502449032501,276.5625,3.35179630689702,13,1.25527250510331,0,0,0.826074802700826,1.65321251377534,-0.0943515139412305,6.40000009536743,0.129367595722986,0.688508807656521,1287,2.07554696139253,25,1.54406804435028,1.87793544698722,1289,51,2.26481782300954,30,5.45605087280273,8.5,29,57,5,18,189,95,4.80000019073486,97,12,13.7,8.7,2.55058640771551,13.1000003814697,2.59571394365964,0.478905347776287,-6.1875,0,7,4.70901418084583,10.8,0.054767149
"204",53.988612,-9.566631,-5.00657788651823,11.5,532,50,16,13,1,-1.31259200433568,52,3.35179630689702,13,1.25527250510331,0,0,0.826074802700826,1.65321251377534,0.880305488765429,5.5,0.129367595722986,0.688508807656521,1287,2.07554696139253,25,1.54406804435028,1.87793544698722,1289,53,2.26481782300954,30,2.4043562412262,8.5,29,57,5,18,189,95,5,97,12,13.7,8.7,2.55058640771551,10.6000003814697,2.59571394365964,0.478905347776287,0.03125,0,7,4.70901418084583,11.5,0.004971967
"205",54.01933,-9.540346,-3.26298268783283,10.7,532,50,12,13,1,-1.33237015059973,138.75,3.35179630689702,13,1.25527250510331,0,0,0.826074802700826,1.65321251377534,-0.133401850336446,6.09999990463257,0.129367595722986,0.688508807656521,1287,2.07554696139253,25,1.54406804435028,1.87793544698722,1289,49,2.26481782300954,31,3.93239259719849,8.5,29,57,5,18,189,95,5,97,12,13.7,8.7,NA,12.1000003814697,2.59571394365964,NA,-4.6875,0,7,NA,11.5,0.035924249
"206",54.011546,-9.547908,-3.92924582030386,13.4,532,50,16,13,1,-1.78131994146879,130.4375,3.35179630689702,13,1.25527250510331,0,0,0.826074802700826,1.65321251377534,0.567745589335547,6,0.129367595722986,0.688508807656521,1287,2.07554696139253,25,1.54406804435028,1.87793544698722,1289,50,2.26481782300954,31,4.21585702896118,8.5,29,57,5,18,189,95,5,97,12,13.7,8.7,NA,12.3999996185303,2.59571394365964,NA,-4.265625,0,7,NA,12.2,0.01779583
"207",-13.117384,130.786082,-3.64538331670306,25.5,978,58,16,21,0,-1.53451750095665,142.3125,3.4896772916637,9,0,0,0,0,0,-0.941724449181358,2.5,0.00475115559100102,0.0378247505883419,1419,0.477121254719662,0,2.11394335230684,1.94551782207784,817,67,1.81291335664286,15,1.22164142131805,2.3,26,53,0,0,16,50,6.09999990463257,55,23.6,29.3,26.9,2.58697669536881,1.5,2.73704308898461,1.67703818897315,-0.6875,0,0,3.54727162730228,22.7,0.022099266
"208",-13.104469,130.794562,-3.94191690880981,25.8,978,58,15,21,0,-1.53562357337953,105.5,3.4896772916637,9,0,0,0,0,0,-0.940786347143445,2.59999990463257,0.00475115559100102,0.0378247505883419,1419,0.477121254719662,0,2.11394335230684,1.94551782207784,817,67,1.81291335664286,16,2.61656713485718,2.3,26,53,0,0,16,50,6.09999990463257,55,23.6,29.3,26.9,2.58697669536881,1.5,2.73704308898461,1.67703818897315,0.421875,0,0,3.54727162730228,23.6,0.015002874
"209",-13.199852,130.69988,-3.16703299150486,26.8,979,58,20,21,0,-1.53560094339255,98.875,3.33183204443625,38,1.07918124604762,0,0,0,0,-0.942996554525779,2.70000004768372,0.00774777800073995,0.0378247505883419,1408,0.301029995663981,0,2.13353890837022,2.30333215824341,814,62,1.91381385238372,17,5.27011442184448,1.7,22,57,0,0,16,50,6.19999980926514,55,23.6,29.4,27,2.58697669536881,2,2.73704308898461,1.67703818897315,3.75,0,0,3.54727162730228,22.9,0.039632188
"210",-13.196333,130.699126,-3.59596916993863,26.8,979,58,20,21,0,-1.53560094339255,98.875,3.33183204443625,38,1.07918124604762,0,0,0,0,-0.942996554525779,2.70000004768372,0.00774777800073995,0.0378247505883419,1408,0.301029995663981,0,2.13353890837022,2.30333215824341,814,62,1.91381385238372,17,5.27011442184448,1.7,22,57,0,0,16,50,6.19999980926514,55,23.6,29.4,27,2.58697669536881,2,2.73704308898461,1.67703818897315,3.75,0,0,3.54727162730228,22.9,0.024883677
"211",51.9738667,5.7171667,-3.6225052563621,NA,549,12,10,6,5,-1.17970797945757,12.625,1.57978359661681,48,0.301029995663981,2,0,0,0,-0.56751264036114,4.69999980926514,1.79898883535045,2.69504190586324,792,1.86332286012046,8,3.09795107099415,1.65376227201233,481,56,1.34242268082221,25,0.741353869438171,1,24,71,38,17,72,86,5,85,5.7,16.6,9.2,3.30900255825663,3.59999990463257,2.50770635175989,1.19650772945246,0,3,0,4.74982794971079,NA,0.012155033
"212",51.9911,5.6547667,-2.99851048922369,NA,588,12,18,18,23,-0.916635605726002,8.3125,3.02775720469055,44,0.778151250383644,1,9,0.301029995663981,4.90617875388591,0.669640834741285,4.59999990463257,4.66661379556451,2.46999717063018,877,1.85733249643127,17,3.26693691115917,6.11734990081582,481,54,0.602059991327962,24,0.241238623857498,6.9,38,43,34,17,55,86,5.90000009536743,85,5.8,16.8,8.2,3.30900255825663,3.70000004768372,2.50770635175989,1.19650772945246,-0.296875,17,1,4.74982794971079,NA,0.038099579
"213",52.0147333,5.5999167,-2.93213809817055,NA,546,12,31,10,12,-0.668824525903051,5.25,1.7481880270062,7,0.301029995663981,6,0,0,0,0.995725743164717,5.09999990463257,2.04097398143145,2.8663275168512,786,1.85733249643127,32,3.58331215198308,1.58592297884169,490,28,1,37,0.143661230802536,0.5,29,61,28,11,78,86,6.09999990463257,85,5.8,16.7,9.3,3.30900255825663,4.19999980926514,2.40011503795659,1.19650772945246,-0.0859375,60,0,4.74982794971079,NA,0.040948247
"214",-16.1983111,-68.1181972,-3.4020725144792,5.5,572,34,26,12,3,-2.3408394616323,4019.25,4.32112183270853,18,1.54406804435028,0,0,0,0,-0.682060254268611,3.79999995231628,1.9082865921255,2.58756954379219,673,1.55630250076729,20,2.11058971029925,1.60136456366631,131,38,3.05956341790127,33,29.6377811431885,28.2,22,64,0,0,39,39,6.5,56,5.8,7.8,6.1,2.465761299646,4.69999980926514,2.50770635175989,0.6669025000931,-16.3671875,6,3,4.43619192045951,NA,0.030620751
"215",-16.2830611,-68.1133,-5.65066027872911,5.5,572,34,18,12,3,-2.28022993676758,4707.25,4.32112183270853,18,1.54406804435028,0,0,0,0,-0.842048211073586,3.59999990463257,1.9082865921255,2.58756954379219,673,1.55630250076729,20,2.11058971029925,1.60136456366631,131,45,3.05956341790127,35,15.6150875091553,28.2,22,64,0,0,39,39,6.30000019073486,56,5.8,7.8,6.1,2.465761299646,4.40000009536743,2.50770635175989,0.6669025000931,-0.3515625,6,3,4.43619192045951,NA,-0.000697349
"216",-16.1398972,-68.2733194,-5.68169862779166,3.6,577,35,19,15,3,-2.02144519212068,4821.3125,4.03514945777346,10,0.602059991327962,9,0,0.690196080028514,1.25527250510331,-0.908675023967856,3.70000004768372,0.772028165324855,1.45697301363582,678,1.55630250076729,22,1.93951925261862,1.95913683117037,163,47,2.24551266781415,32,15.0542802810669,10.3,17,65,2,2,26,41,6.30000019073486,57,5,7.2,5.3,2.465761299646,4,2.50770635175989,0.6669025000931,-20.09375,0,6,4.43619192045951,NA,7.0741e-05
"217",-16.1480667,-68.2806056,-5.75635353240419,5.4,577,35,21,15,3,-2.19211334727089,4697.75,4.03514945777346,10,0.602059991327962,9,0,0.690196080028514,1.25527250510331,-0.860455038240079,3.59999990463257,0.772028165324855,1.45697301363582,678,1.55630250076729,22,1.93951925261862,1.95913683117037,163,47,2.24551266781415,29,16.8420143127441,10.3,17,65,2,2,26,41,6.40000009536743,57,5,7.2,5.3,2.465761299646,4.09999990463257,2.50770635175989,0.6669025000931,-10.53125,0,6,4.43619192045951,NA,-9.65900000000001e-05
"218",47.3026861,8.6094083,-3.59273184323473,8.9,610,39,26,16,15,-1.11541295235541,585.3125,3.73782850589578,68,0.954242509439325,0,10,0.857332496431269,3.60681114691896,1.11911747847726,6.40000009536743,2.67006671605934,2.4658644726947,1396,1.85733249643127,29,3.11991541025799,3.75021107522606,963,32,2.15836249209525,39,4.24138259887695,19.2,38,44,5,34,80,99,6.09999990463257,99,9.7,17.8,5.4,3.02738080554128,8.89999961853027,2.47296172028069,1.14451046741041,-0.65625,17,6,4.52020345903748,8.5,0.022924962
"219",47.3035,8.6082528,-4.66856461518185,8.8,610,39,19,16,15,-1.11541295235541,528.9375,3.73782850589578,68,0.954242509439325,0,10,0.857332496431269,3.60681114691896,1.11911747847726,6.40000009536743,2.67006671605934,2.4658644726947,1396,1.85733249643127,29,3.11991541025799,3.75021107522606,963,32,2.15836249209525,38,5.0831356048584,19.2,38,44,5,34,80,99,6.09999990463257,99,9.7,17.8,5.4,3.02738080554128,9.10000038146973,2.47296172028069,1.14451046741041,1.703125,17,6,4.52020345903748,8.4,-0.003650519
"220",47.3028917,8.6098139,-4.47512495045397,9.6,610,39,26,16,15,-1.11541295235541,585.3125,3.73782850589578,68,0.954242509439325,0,10,0.857332496431269,3.60681114691896,1.11911747847726,6.40000009536743,2.67006671605934,2.4658644726947,1396,1.85733249643127,29,3.11991541025799,3.75021107522606,963,32,2.15836249209525,39,4.24138259887695,19.2,38,44,5,34,80,99,6.09999990463257,99,9.7,17.8,5.4,3.02738080554128,8.89999961853027,2.47296172028069,1.14451046741041,-0.65625,17,6,4.52020345903748,8.6,0.008807694
"221",47.3122528,8.6040417,-3.84017668889048,NA,610,39,23,16,15,-1.11541295235541,559.1875,3.73782850589578,68,0.954242509439325,0,10,0.857332496431269,3.60681114691896,1.11911747847726,6.40000009536743,2.67006671605934,2.4658644726947,1396,1.85733249643127,29,3.11991541025799,3.75021107522606,963,32,2.15836249209525,38,4.97283697128296,19.2,38,44,5,34,80,99,6,99,9.7,17.8,5.4,3.02738080554128,9.5,2.47296172028069,1.14451046741041,-0.578125,17,6,4.52020345903748,NA,0.018719301
"222",43.5513611,5.5874167,-5.72852506349536,8,575,18,24,22,8,-0.861598842771911,405.875,3.04999285692014,33,1,5,73,0.0413926851582251,1.41497334797082,-0.631620078144898,4.30000019073486,2.08694324432904,2.40804991990055,690,1.8750612633917,8,3.15594301797184,2.41507689815524,346,26,2.08278537031645,47,7.58297157287598,6,34,44,10,4,31,62,7.19999980926514,69,8.8,21.2,12.6,2.76136988816866,4.5,3.12182411479652,1.01899589732026,-10.84375,21,0,4.37970711175501,7.8,0.000881391
"223",43.5204722,5.5465,-2.89522400904936,8.4,581,19,22,22,10,-0.506473544301382,260,3.07954300740291,28,1.20411998265592,5,90,0,0,0.456402690457581,4.5,1.63808972198451,2.14981624188394,697,1.89209460269048,10,2.9903388547876,2.13985076192443,377,28,2.01283722470517,48,4.24693727493286,5.7,34,44,8,3,31,63,7.59999990463257,70,9,21.2,12.6,2.76136988816866,3.70000004768372,3.12182411479652,1.01899589732026,-3.875,10,0,4.37970711175501,6.7,0.053100683
"224",43.5173333,5.5866667,-4.39669042444216,12.7,581,19,24,22,10,-1.3386286092102,461.9375,3.07954300740291,28,1.20411998265592,5,90,0,0,-0.031825785362162,4.5,1.63808972198451,2.14981624188394,697,1.89209460269048,10,2.9903388547876,2.13985076192443,377,25,2.01283722470517,47,6.84837102890015,5.7,34,44,8,3,31,63,7.40000009536743,70,9,21.2,12.6,2.76136988816866,3.79999995231628,3.12182411479652,1.01899589732026,-4.3671875,10,0,4.37970711175501,8,0.002137139
"225",0.7140833,35.4240556,-2.4198364475179,NA,916,94,42,40,2,-1.49939494708037,2156.75,3.9596613702735,0,0,0,0,0.146128035678238,0.301029995663981,-0.15817896415881,3.79999995231628,1.29736651375976,2.24557188575146,1084,2.10380372095596,1,2.67851837904011,1.44530834642358,315,31,1.79934054945358,22,0.825897514820099,2.1,19,41,0,0,28,72,6.30000019073486,56,15.1,17.3,16.2,2.92684003573784,2.90000009536743,2.30427505047713,1.72936337388686,-1.46875,10,0,3.83480978275759,NA,0.07533306
"226",0.6415833,35.4944722,-3.25354486063964,NA,928,95,36,33,10,-1.9000425614587,2353.875,4.1563976972825,9,0.903089986991944,0,0,0,0,-0.0867032946404988,4.80000019073486,2.1997880771044,2.08559736652177,1104,2.10037054511756,24,2.64246452024212,2.97401217416962,299,30,2.55630250076729,30,1.94895279407501,10.4,24,43,0,0,31,67,5.59999990463257,53,18.3,20.3,19.1,2.92684003573784,4,2.30427505047713,1.72936337388686,0.5625,4,0,3.83480978275759,NA,0.025108114
"227",0.74475,35.4735833,-2.55086494312531,NA,999,96,39,37,4,-1.65922305493327,2246.375,3.9843022319799,8,0,0,0,0,0,-0.262323328913492,3.90000009536743,1.39571070903514,2.31332506812203,1180,2.07554696139253,3,2.69196510276736,1.43102584813312,294,32,1.96848294855394,25,2.64674043655396,3.3,20,43,0,0,32,76,6.19999980926514,62,14.9,16.9,15.9,2.92684003573784,3,2.30427505047713,1.72936337388686,2.5625,13,0,3.83480978275759,NA,0.05393049
"228",0.82975,35.4480833,-2.48766900157105,NA,962,97,35,31,3,-1.7043551471876,2075.6875,4.10318774885094,8,0,0,0,0.0791812460476248,0.778151250383644,-0.246065110822569,4,1.99903914706099,2.14874760107457,1148,2.15836249209525,7,2.60422605308447,2.50586461874445,281,37,2.30749603791321,24,3.3345308303833,6.2,22,47,0,0,32,78,6.19999980926514,62,14.8,16.8,15.3,2.92684003573784,3.09999990463257,2.30427505047713,1.72936337388686,-1.1328125,4,0,3.83480978275759,NA,0.06373303
"229",42.4411111,-76.4491667,-2.77581622904099,12.6,719,61,27,17,12,-1.78031550117776,311.125,2.86746748785905,87,0,0,0,0.0413926851582251,0.301029995663981,0.0733167692669813,4.69999980926514,1.43570106337321,2.20150636705324,951,1.96378782734556,3,2.87966920563205,2.0872808392187,526,19,2.03342375548695,51,2.34404468536377,5.7,39,43,1,12,52,64,6,85,14.9,19.9,7.4,2.93205580376782,6.80000019073486,2.47296172028069,1.02860173579218,-0.390625,6,0,4.54078718888225,10.7,0.049728118
"230",42.385,-76.5530556,-4.10000774782922,13,718,60,23,17,14,-2.03529178667212,154.75,2.9795483747041,63,0,0,0,0.0413926851582251,0.301029995663981,-1.02778460125737,4.5,0.950900089366387,1.60570359511883,920,1.94939000664491,6,2.35024801833416,2.00918309747312,474,26,2.27646180417324,49,2.73458909988403,5.6,40,43,0,12,47,62,5.90000009536743,83,15,19.9,7.4,2.93205580376782,7.90000009536743,2.47296172028069,1.02860173579218,-3.2265625,0,0,4.54078718888225,11.8,0.006153326
"231",42.3422222,-76.2438889,-2.64072594497988,11.1,720,61,21,17,14,-1.83758453011903,408.1875,3.06445798922692,63,0,0,0,0,0,-0.925713043218107,5.30000019073486,0.562768543016519,1.1553664066467,963,1.95904139232109,6,2.12385164096709,2.24723409169289,533,25,1.85733249643127,51,6.73140144348145,6.8,40,43,1,13,59,65,5.09999990463257,85,14.8,19.8,7.3,2.93205580376782,7.69999980926514,2.47296172028069,1.02860173579218,-3.140625,0,0,4.54078718888225,10,0.063725646
"232",42.4219444,-76.33,-3.54731735907323,10.5,719,61,21,17,12,-1.96764647055334,440.0625,2.86746748785905,87,0,0,0,0.0413926851582251,0.301029995663981,-1.02307667286413,5.19999980926514,1.43570106337321,2.20150636705324,951,1.96378782734556,3,2.87966920563205,2.0872808392187,526,26,2.03342375548695,51,3.05930614471436,5.7,39,43,1,12,52,64,5,85,14.9,19.9,7.4,2.93205580376782,7.90000009536743,2.47296172028069,1.02860173579218,-0.5234375,6,0,4.54078718888225,9.3,0.011520724
"233",-33.9037194,-56.0062306,-2.42687550955121,13.7,998,63,30,29,3,-1.49666733257317,89.75,2.86923171973098,2,0,0,0,0,0,-0.106593914859084,4,0.0519239160461065,0.16345955176999,1270,2.00860017176192,96,2.50785587169583,2.2319001033128,666,32,1.30102999566398,35,0.66673731803894,1.7,21,51,0,0,26,100,6,81,12,23.8,17,2.93608389177797,3.5,2.7022984798527,1.04863272759842,0.375,0,0,4.52478428508616,11.9,0.086555472
"234",-33.7960944,-55.834525,-4.61224001846296,13.8,997,63,26,30,2,-1.53555427103299,147.6875,2.82477646247555,2,0,0,0,0,0,-0.0941831502530857,4.30000019073486,0.0187004986662434,0.147985320683805,1271,2.01703333929878,97,2.52113808370404,1.66246505630185,678,38,1.49136169383427,33,1.47709131240845,1.8,21,50,0,0,26,100,6.09999990463257,81,11.9,23.7,17,2.93608389177797,3.5,2.7022984798527,1.04863272759842,-0.9921875,0,0,4.52478428508616,11.8,0.008103228
"235",-33.7362028,-55.6635722,-3.17461459131643,14.9,996,63,26,27,2,-1.51942798736534,167.1875,2.85430604180108,3,0,0,0,0,0,-0.0994145958080763,4.40000009536743,0.280805928393667,0.63788981658079,1278,2.02530586526477,93,2.53781909507327,2.11216579358628,686,41,1.41497334797082,30,1.30972468852997,1.7,21,52,1,0,28,100,5.90000009536743,81,11.9,23.6,16.8,2.93608389177797,3.79999995231628,2.7022984798527,1.04863272759842,-0.8203125,0,0,4.52478428508616,12.3,0.040201906
"236",-33.6764139,-55.652325,-4.37232409689512,15,996,64,25,26,2,-1.53104399499848,144.5,2.73239375982297,10,0,0,0,0,0,-0.0959655492549826,4.5,0.0733517023869009,0.0888445627270043,1280,2.02530586526477,85,2.53019969820308,2.8336926664327,690,39,1.23044892137827,34,0.680274188518524,1.8,23,52,1,0,33,100,6,81,12,23.7,16.8,2.93608389177797,3.90000009536743,2.7022984798527,1.04863272759842,-0.640625,0,0,4.52478428508616,12.8,0.010811415
"237",45.373268,25.55067,-5.72685941065521,NA,639,35,20,19,7,-1.20047350501805,933.0625,2.95133751879592,80,0,0,2,0,0,-0.55463888332883,5.80000019073486,1.49368106633196,1.96233618215408,885,1.69019608002851,12,2.62940959910272,2.24864504420476,454,36,2.69897000433602,39,8.41143703460693,18.2,40,41,15,33,79,85,5.69999980926514,95,5.7,14,4.3,2.75912471778682,6.19999980926514,2.30071593711236,1.21642770564249,-2.4609375,5,0,4.18003013305095,NA,0.001234855
"238",45.452672,25.634325,-4.39915627279079,NA,642,36,29,19,4,-1.07389156557175,1162.625,2.8555191556678,85,0,0,4,0,0,-0.592349775097547,6.5,1.05621858127231,1.80777848943106,898,1.69897000433602,6,2.46834733041216,1.69230922421679,416,28,2.36361197989214,39,16.4333019256592,18.4,40,42,22,37,85,89,5.30000019073486,96,5.3,13.4,4.1,2.75912471778682,7.59999990463257,2.30071593711236,1.21642770564249,-7.796875,1,0,4.18003013305095,NA,0.006525146
"239",45.396863,25.567982,-3.82312488445987,NA,639,35,21,19,7,-1.12374279634518,1118.9375,2.95133751879592,80,0,0,2,0,0,-0.577084541049129,6.19999980926514,1.49368106633196,1.96233618215408,885,1.69019608002851,12,2.62940959910272,2.24864504420476,454,34,2.69897000433602,42,14.7667655944824,18.2,40,41,15,33,79,85,5.59999990463257,95,5.7,14,4.3,2.75912471778682,6.69999980926514,2.30071593711236,1.21642770564249,-7.109375,5,0,4.18003013305095,NA,0.019739521
"240",47.1119,17.7898389,-1.82505402860911,NA,524,24,19,22,25,-1.52485697781819,332.8125,2.68752896121463,28,0.698970004336019,0,46,0,0,-0.902597656181632,3.79999995231628,1.14000495061945,1.90342101034777,618,1.56820172406699,14,2.67760695272049,1.19066779607065,115,42,1.89209460269048,37,10.4253835678101,4.1,42,36,3,8,38,51,6.40000009536743,66,10,19.3,9.3,3.0275194199689,5.80000019073486,2.43517317966578,1.06107202172817,-1.78125,6,0,4.60378051914734,NA,0.156735255
"241",46.9957333,17.6518472,-2.57071313113783,NA,525,24,19,23,26,-1.51099953474391,228.375,2.6954816764902,38,0.477121254719662,0,100,0.0413926851582251,0.477121254719662,-0.0537609935438197,4,0.977266212427293,1.51587384371168,619,1.57978359661681,11,2.59769518592551,1.61596056713398,118,41,1.77085201164214,38,3.95173406600952,3.6,43,34,2,6,36,51,6.59999990463257,65,10.5,19.8,9.6,3.0275194199689,6.40000009536743,NA,1.06107202172817,-4.1953125,0,0,4.60378051914734,NA,0.071948956
"242",46.9872389,17.9182056,-2.45827903637348,NA,555,22,15,19,39,-1.14978785987607,221.125,2.79588001734408,26,1.07918124604762,0,34,0.968482948553935,1.83884909073726,0.412756384249274,3.79999995231628,2.53958665941534,1.82476345945209,655,1.53147891704226,12,2.9434945159061,3.46392597023543,111,34,1.76342799356294,43,7.61389493942261,2.5,37,43,2,6,33,44,6.59999990463257,66,11.4,20.8,10.3,3.0275194199689,6,NA,1.06107202172817,1.671875,2,8,4.60378051914734,NA,0.077509666
"243",64.252197,19.7763,-6.20614798630449,8.8,369,78,8,6,0,-2.46446514731809,265,2.42324587393681,77,1.11394335230684,0,0,0.812913356642856,3.82846654735268,-1.68316206304751,6.19999980926514,1.11481107383806,0.274619619091238,661,1.81291335664286,0,1.73239375982297,5.0633873439933,476,57,2.04532297878666,35,2.51675629615784,5,26,67,2,61,170,69,4.59999990463257,92,14.9,14.9,-0.2,2.02255181648278,8.30000019073486,2.62945175351076,0.406258207978547,0.5859375,0,4,4.25362672941085,NA,-0.013608253
"244",64.259399,19.773899,-5.82249304033559,10.1,369,78,7,6,0,-2.45777246929847,295.6875,2.42324587393681,77,1.11394335230684,0,0,0.812913356642856,3.82846654735268,-1.6840836213237,6.19999980926514,1.11481107383806,0.274619619091238,661,1.81291335664286,0,1.73239375982297,5.0633873439933,476,59,2.04532297878666,34,0.663652062416077,5,26,67,2,61,170,69,4.59999990463257,92,14.9,14.9,-0.2,2.02255181648278,8.89999961853027,2.62945175351076,0.406258207978547,0.9921875,0,4,4.25362672941085,11.7,-0.000315837
"245",64.260803,19.760401,-6.00798953573516,15.8,369,78,7,6,0,-2.45777246929847,298.75,2.42324587393681,77,1.11394335230684,0,0,0.812913356642856,3.82846654735268,-1.6840836213237,6.19999980926514,1.11481107383806,0.274619619091238,661,1.81291335664286,0,1.73239375982297,5.0633873439933,476,59,2.04532297878666,34,0.786923229694366,5,26,67,2,61,170,69,4.59999990463257,92,14.9,14.9,-0.2,2.02255181648278,9.19999980926514,2.62945175351076,0.406258207978547,1.515625,0,4,4.25362672941085,NA,-0.001831046
"246",64.198097,19.869101,-5.93662112189878,9.8,369,78,13,6,0,-2.39738990585096,153.1875,2.42324587393681,77,1.11394335230684,0,0,0.812913356642856,3.82846654735268,-1.70060613266973,6.19999980926514,1.11481107383806,0.274619619091238,661,1.81291335664286,0,1.73239375982297,5.0633873439933,476,50,2.04532297878666,36,1.37377488613129,5,26,67,2,61,170,69,4.59999990463257,92,14.9,14.9,-0.2,2.02255181648278,9.19999980926514,2.62945175351076,0.406258207978547,-1.0859375,0,4,4.25362672941085,11.8,-0.029430328
"247",39.7572694,2.7120278,-3.48949191973277,16.3,559,84,25,22,25,-1.18629417693592,268.75,3.54431614174743,91,1.9731278535997,2,2,0.0413926851582251,0.301029995663981,-0.822739089530648,4.30000019073486,1.65716106564684,2.18930779868012,657,1.6232492903979,1,3.25066391946324,1.50649150277102,166,36,2.22530928172586,37,22.0969066619873,12.9,32,46,0,1,40,77,7,65,15.8,23.2,16.1,2.65895611582645,5,NA,0.719845042550965,-0.4296875,10,0,4.5764441941821,NA,0.024236638
"248",39.8982028,2.9923472,-5.84800995271115,18,559,84,22,22,25,NA,181.8125,3.54431614174743,91,1.9731278535997,2,2,0.0413926851582251,0.301029995663981,NA,4.30000019073486,1.65716106564684,2.18930779868012,657,1.6232492903979,1,3.25066391946324,1.50649150277102,166,35,2.22530928172586,41,11.4567604064941,12.9,32,46,0,1,40,77,6.80000019073486,65,15.8,23.2,16.1,2.65895611582645,3.90000009536743,NA,0.719845042550965,-10.390625,10,0,4.5764441941821,NA,0.000123447
"249",39.8936472,2.9941417,-5.69400374268369,NA,559,84,22,22,25,NA,181.8125,3.54431614174743,91,1.9731278535997,2,2,0.0413926851582251,0.301029995663981,NA,4.30000019073486,1.65716106564684,2.18930779868012,657,1.6232492903979,1,3.25066391946324,1.50649150277102,166,35,2.22530928172586,41,11.4567604064941,12.9,32,46,0,1,40,77,6.80000019073486,65,15.8,23.2,16.1,2.65895611582645,3.90000009536743,NA,0.719845042550965,-10.390625,10,0,4.5764441941821,NA,0.000814981
"250",39.8935806,2.9951917,-4.79524556612503,18.7,559,84,22,22,25,NA,181.8125,3.54431614174743,91,1.9731278535997,2,2,0.0413926851582251,0.301029995663981,NA,4.30000019073486,1.65716106564684,2.18930779868012,657,1.6232492903979,1,3.25066391946324,1.50649150277102,166,35,2.22530928172586,41,11.4567604064941,12.9,32,46,0,1,40,77,6.80000019073486,65,15.8,23.2,16.1,2.65895611582645,3.90000009536743,NA,0.719845042550965,-10.390625,10,0,4.5764441941821,17.9,0.004434902
"251",62.3667667,25.0864333,-4.15948883479003,7.8,412,28,7,6,0,-2.39440625656318,172.3125,0.845098040014257,99,0.301029995663981,0,0,0.255272505103306,1,-1.71054629403546,6.5,0.417969642214737,0.767304317453273,626,1.79934054945358,0,2.66370092538965,1.85982253767457,260,59,1.66275783168157,33,2.47127914428711,2.2,26,68,15,53,203,73,4.5,88,8.3,15.4,2.5,2.39451964705027,11.6999998092651,2.57829923884057,0.930068804391062,1.3828125,0,0,4.10178396356583,NA,0.004793026
"252",63.31445,24.79205,-5.76785646370551,7.7,396,27,7,7,0,-2.37565167432324,168.3125,0.778151250383644,96,0.301029995663981,0,0,0.819543935541869,1.79934054945358,-1.77001753837059,6.69999980926514,0.298634783124436,0.659821158055705,575,1.77815125038364,0,1.99122607569249,1.92752434087503,248,60,1.50514997831991,32,0.555198311805725,1.5,28,65,15,54,190,71,4.59999990463257,87,7.9,15,2,2.19535165602092,9.30000019073486,2.57829923884057,0.714774176856968,0.1171875,0,4,4.11791060007057,2.2,-0.005116528
"253",63.4504333,25.2721833,-5.9267072998927,6.9,391,26,8,6,12,-2.38329980683259,145.25,1.04139268515823,83,1.83884909073726,0,0,1.10720996964787,2.70329137811866,-1.76955567074065,6.90000009536743,0.439174739843468,0.712649701627211,563,1.77085201164214,0,2.44247976906445,2.18411482743184,253,61,1.56820172406699,30,0.641965210437775,1.7,25,67,15,53,172,72,4.5,86,8,15.3,2.1,2.25652427054856,9.5,2.57829923884057,0.745295571815707,0.09375,0,12,4.14856181963947,1.3,-0.001627527
"254",63.9835167,26.7284833,-5.99709677838682,6.4,385,26,7,7,2,-2.37991845040603,155.375,0.698970004336019,96,0,0,0,0.0791812460476248,0.301029995663981,-1.75219244378191,6.90000009536743,0.153509989300838,0.637789829362229,562,1.77085201164214,0,2.11058971029925,1.47215650401525,294,66,1.72427586960079,26,0.581580519676208,1.4,27,66,18,58,158,73,4.59999990463257,87,7.8,15.2,1.5,2.25652427054856,9.89999961853027,2.62945175351076,0.745295571815707,-0.1328125,0,0,4.14856181963947,1.7,-0.000102966
"255",-41.1846722,173.4875806,-2.58674993150475,12.7,839,74,23,19,0,NA,129.625,2.68752896121463,47,1.94448267215017,1,0,0.204119982655925,0.602059991327962,NA,7.80000019073486,1.79815323506548,2.25456499420504,1454,2.06818586174616,6,3.18269990333604,2.05065811051804,888,48,2.26245108973043,26,9.16799068450928,9.8,23,58,0,2,85,84,5.30000019073486,94,15,16.4,12.3,2.0159962650637,5,NA,0.3263714780722,-13.1875,10,0,4.32695790789811,13.5,0.054811107
"256",-41.2964833,173.3690611,-3.08622046584909,13,839,74,17,19,0,NA,186.8125,2.68752896121463,47,1.94448267215017,1,0,0.204119982655925,0.602059991327962,NA,7.90000009536743,1.79815323506548,2.25456499420504,1454,2.06818586174616,6,3.18269990333604,2.05065811051804,888,51,2.26245108973043,26,7.66554403305054,9.8,23,58,0,2,85,84,5.30000019073486,94,15,16.4,12.3,2.0159962650637,4.80000019073486,NA,0.3263714780722,-5.8046875,10,0,4.32695790789811,13.5,0.03855746
"257",-41.2981,173.3348444,-2.40908295518531,12.7,839,74,23,19,0,NA,223.375,2.68752896121463,47,1.94448267215017,1,0,0.204119982655925,0.602059991327962,NA,8.10000038146973,1.79815323506548,2.25456499420504,1454,2.06818586174616,6,3.18269990333604,2.05065811051804,888,48,2.26245108973043,26,16.1799373626709,9.8,23,58,0,2,85,84,5.30000019073486,94,15,16.4,12.3,2.0159962650637,4.90000009536743,NA,0.3263714780722,3.015625,10,0,4.32695790789811,13.8,0.070939177
"258",-41.3140028,173.2912667,-1.99796266947676,12.7,839,74,23,19,0,NA,170.4375,2.68752896121463,47,1.94448267215017,1,0,0.204119982655925,0.602059991327962,NA,7.90000009536743,1.79815323506548,2.25456499420504,1454,2.06818586174616,6,3.18269990333604,2.05065811051804,888,45,2.26245108973043,29,11.9556608200073,9.8,23,58,0,2,85,84,5.30000019073486,94,15,16.4,12.3,2.0159962650637,5,NA,0.3263714780722,-10.0546875,10,0,4.32695790789811,14.1,0.110707176
"259",51.423876,-1.71718,-2.25916709500853,NA,515,12,10,24,61,-0.458925131043905,132.25,3.06707085604537,0,1.36172783601759,0,91,0,0,1.14735035047284,5.40000009536743,1.13325141247232,1.80978858474278,729,1.8750612633917,22,2.78887511577542,1.7734280407434,428,25,1.41497334797082,47,1.33262610435486,2.8,40,36,17,7,46,81,6.19999980926514,83,6,15.9,9.1,2.96766824184121,6.30000019073486,2.43517317966578,1.03167584297593,-1.1484375,4,0,4.5733255197719,NA,0.100564694
"260",51.414487,-0.646557,-6.08561216295174,NA,515,11,25,20,54,-0.998208727315551,60.4375,2.77305469336426,1,1.23044892137827,0,50,0.146128035678238,1.7160033436348,-0.421784827730575,6.5,3.41413451708607,2.55807706494283,678,1.80617997398389,19,3.16405529189345,3.93672169159391,270,32,1.30102999566398,39,0.904116630554199,1.9,38,42,23,8,42,73,5.30000019073486,81,6.3,17.8,9.5,2.96766824184121,6.59999990463257,2.36232642911299,1.03167584297593,-0.296875,15,0,4.5733255197719,NA,-0.002215611
"261",51.237386,0.968261,-2.24377302108947,NA,504,12,26,21,48,-0.501084016768733,33.3125,2.90741136077459,0,0.301029995663981,2,75,0.0413926851582251,0.301029995663981,1.03703968340676,5.69999980926514,1.94684511396062,2.4924782154321,683,1.8750612633917,21,3.17318626841227,2.0525131085279,399,26,1.41497334797082,45,2.04977464675903,2.3,38,41,9,6,35,79,6.09999990463257,82,7,16.9,9.9,3.05926007341718,6.69999980926514,2.43517317966578,1.06929209851077,-0.546875,10,0,4.62730109581303,NA,0.103865722
"262",51.081777,0.056149,-5.04790407750449,NA,525,12,22,17,15,-1.2300244404584,111.0625,2.29003461136252,8,0.301029995663981,0,0,0.176091259055681,0.845098040014257,-0.611324776404001,5.40000009536743,1.85750135589813,2.53801668557757,704,1.86332286012046,15,3.13417710757677,1.64950036542682,383,24,1.64345267648619,52,3.88072299957275,3.6,34,49,21,9,54,76,5.69999980926514,80,6.7,16.8,9.8,3.05926007341718,6,2.43517317966578,1.06929209851077,-4,20,1,4.62730109581303,NA,0.001550748
"263",-39.9528194,-73.1922417,-3.2410763428076,NA,746,23,24,27,1,-2.39929636471067,88.625,2.01703333929878,95,1,0,0,0,0,-0.914017504914904,8.19999980926514,1.25724646490737,1.47186354674966,1998,2.51982799377572,6,2.32633586092875,3.19045384382681,1220,39,2.13033376849501,35,12.4284191131592,8.7,23,50,55,18,80,100,5.19999980926514,87,7.4,15.3,10,NA,8,2.56096933717349,NA,-10.6875,0,0,NA,NA,0.025229833
"264",-39.9600611,-73.3212333,-3.09969885008543,NA,790,22,24,24,1,NA,21.75,2.49415459401844,87,1.97772360528885,0,0,0,0,NA,8.60000038146973,0.344785122632661,0.914396052129786,2238,2.52891670027765,14,2.63648789635337,1.77425411979489,1256,40,2.64246452024212,33,4.28406143188477,8.2,26,50,48,14,72,100,5.19999980926514,90,7.3,14.2,11.2,NA,8.5,2.56096933717349,NA,-5.2890625,0,7,NA,NA,0.03081034
"265",-39.95395,-73.3303417,-3.42251618096644,NA,790,22,20,24,1,-2.41416960440539,30.3125,2.49415459401844,87,1.97772360528885,0,0,0,0,-0.907246364672349,8.5,0.344785122632661,0.914396052129786,2238,2.52891670027765,14,2.63648789635337,1.77425411979489,1256,40,2.64246452024212,34,5.75497674942017,8.2,26,50,48,14,72,100,5.09999990463257,90,7.3,14.2,11.2,NA,8.30000019073486,2.56096933717349,NA,-5.609375,0,7,NA,NA,0.017378126
"266",-39.9234722,-73.4135306,-2.80754581563125,NA,790,22,24,24,1,-2.40978385328239,127.3125,2.49415459401844,87,1.97772360528885,0,0,0,0,-0.806491877270274,8.39999961853027,0.344785122632661,0.914396052129786,2238,2.52891670027765,14,2.63648789635337,1.77425411979489,1256,39,2.64246452024212,34,13.9735441207886,8.2,26,50,48,14,72,100,5.09999990463257,90,7.3,14.2,11.2,NA,7.5,2.56096933717349,NA,1.4765625,0,7,NA,NA,0.039145441
"267",-2.868133,-79.11430014,-5.87305131007021,NA,795,59,21,12,2,-2.29502299896295,3138.875,3.75633176732106,0,0,0,0,0.204119982655925,1.11394335230684,-0.0216584106456343,5.80000019073486,0.835436894801858,1.43141201642079,997,1.76342799356294,55,2.21218760440396,2.07024849454867,615,37,2.70070371714502,40,22.6861915588379,18.6,26,62,0,0,68,95,5.30000019073486,91,5.9,7.3,6.8,2.82805006771979,6.5,2.97313230904768,1.08406367965992,-27.7890625,0,1,4.38131950896648,NA,-0.019040838
"268",-2.869066,-79.11558462,-3.64291483995862,NA,795,59,21,12,2,-2.29502299896295,3138.875,3.75633176732106,0,0,0,0,0.204119982655925,1.11394335230684,-0.0216584106456343,5.80000019073486,0.835436894801858,1.43141201642079,997,1.76342799356294,55,2.21218760440396,2.07024849454867,615,37,2.70070371714502,40,22.6861915588379,18.6,26,62,0,0,68,95,5.30000019073486,91,5.9,7.3,6.8,2.82805006771979,6.5,2.97313230904768,1.08406367965992,-27.7890625,0,1,4.38131950896648,NA,0.010620455
"269",-2.871621,-79.11960934,-5.59960274585287,8.4,795,59,20,12,2,-2.29502299896295,3301.9375,3.75633176732106,0,0,0,0,0.204119982655925,1.11394335230684,-0.0216584106456343,5.90000009536743,0.835436894801858,1.43141201642079,997,1.76342799356294,55,2.21218760440396,2.07024849454867,615,40,2.70070371714502,39,20.2800979614258,18.6,26,62,0,0,68,95,5.19999980926514,91,5.9,7.3,6.8,2.82805006771979,6.30000019073486,2.97313230904768,1.08406367965992,-5.84375,0,1,4.38131950896648,8.4,-0.00211459
"270",-2.874338,-79.12282444,-4.21675778567297,NA,795,59,20,12,2,-2.29502299896295,3301.9375,3.75633176732106,0,0,0,0,0.204119982655925,1.11394335230684,-0.0216584106456343,5.90000009536743,0.835436894801858,1.43141201642079,997,1.76342799356294,55,2.21218760440396,2.07024849454867,615,40,2.70070371714502,39,20.2800979614258,18.6,26,62,0,0,68,95,5.19999980926514,91,5.9,7.3,6.8,2.82805006771979,6.30000019073486,2.97313230904768,1.08406367965992,-5.84375,0,1,4.38131950896648,NA,0.008038766
"271",53.2077667,-6.2933667,-3.69471255360839,5.9,530,34,16,8,5,-1.94255926781597,425.9375,2.99694924849538,9,0.301029995663981,0,0,0.113943352306837,0.602059991327962,0.210340376922139,6,1.50133317864557,2.38715303570717,1061,1.93449845124357,26,3.20057692675485,1.75071662114231,746,46,2.3384564936046,36,4.6368236541748,7.8,27,65,11,16,134,100,5.09999990463257,93,4.9,14.1,8.4,2.89584524190246,8.5,2.56096933717349,0.582291674593395,-2.546875,7,0,4.95088668821568,5.6,0.01235261
"272",53.16255,-6.3002,-3.81386134949428,5.6,537,34,16,9,2,-1.80641852691522,520.1875,2.931457870689,25,1.34242268082221,0,0,0.380211241711606,0,-0.516418251930017,6,0.74795530690673,1.53077581301041,1092,1.93951925261862,30,2.68033551341456,1.89787989802686,719,46,2.17026171539496,36,1.37520253658295,6.3,28,63,8,15,156,100,4.69999980926514,94,4.4,13.7,7.9,2.89584524190246,8.89999961853027,2.56096933717349,0.582291674593395,-1.296875,2,1,4.95088668821568,6.3,0.012784839
"273",53.1290167,-6.2944333,-4.44922511704036,5.8,536,34,16,8,3,-1.91280045857414,439.8125,3.22010808804005,5,0.301029995663981,0,0,0.255272505103306,1.30102999566398,0.199313614350475,5.80000019073486,0.748032894130144,1.2953251470427,1138,1.9731278535997,30,2.6730209071289,2.29117341837559,752,46,2.30102999566398,36,3.16800880432129,8.6,28,64,10,15,149,100,4.90000009536743,94,4.6,13.8,8.1,2.89584524190246,8.5,2.56096933717349,0.582291674593395,-2.7421875,0,1,4.95088668821568,NA,0.004662231
"274",40.579503,-111.047669,-4.96411370118988,NA,509,23,21,16,1,-1.71396951568538,2389.3125,3.08314414314305,97,0.301029995663981,0,36,0.113943352306837,0.845098040014257,-0.673089294634259,4.5,0.00475115559100102,0.0136796972911926,649,1.69897000433602,8,2.02118929906994,1.8436375985672,134,32,2.53402610605613,44,5.88602542877197,11,38,45,14,52,47,45,6.5,71,3.8,14.4,1.7,2.43130949457485,5.30000019073486,2.47296172028069,0.972182531824821,-9.609375,0,13,4.09646008365665,NA,-0.00448639
"275",41.875846,-111.564533,-3.66243571223118,NA,438,18,23,21,8,-1.57882247784706,1912.4375,3.16076856186113,94,0,0,100,0,0,-0.652222656635286,4.69999980926514,0.00346053210950649,0.0111473607757975,514,1.57978359661681,16,1.88081359228079,1.79012324125672,84,36,2.77670118398841,40,5.94278573989868,12.4,41,38,8,49,37,35,6.90000009536743,57,3.9,15.1,2,2.37756837005563,5.5,2.47296172028069,0.791144111170213,-6.921875,0,0,4.22375737979203,NA,0.008881794
"276",40.809522,-111.765472,-3.57293113162601,NA,512,21,22,22,9,-1.51853496302874,2116.9375,3.44466923093852,46,1.04139268515823,1,0,0,0,-0.30712672236094,4.5,1.91339524504571,2.84011927371361,624,1.72427586960079,9,3.65127801399814,1.5127510825101,220,35,2.56348108539441,40,13.0061225891113,14,42,35,2,18,26,32,6.5,55,8.4,20.5,7.4,2.43130949457485,7.30000019073486,2.47296172028069,0.972182531824821,-8.0546875,33,0,4.09646008365665,NA,0.016818076
"277",40.779602,-111.806669,-4.88265152989592,NA,512,21,35,22,9,-1.56492642277796,1772.125,3.44466923093852,46,1.04139268515823,1,0,0,0,-0.285813180706198,4.59999990463257,1.91339524504571,2.84011927371361,624,1.72427586960079,9,3.65127801399814,1.5127510825101,220,23,2.56348108539441,38,17.8800621032715,14,42,35,2,18,26,32,6.5,55,8.4,20.5,7.4,2.43130949457485,6.69999980926514,2.47296172028069,0.972182531824821,-11.796875,33,0,4.09646008365665,NA,-0.006037295
"278",44.545501,-123.496148,-2.77943701435395,9.5,659,28,25,16,2,-1.97308505892216,320.3125,2.82477646247555,97,0.301029995663981,1,0,0,0,-1.04069976285136,5,0.587374172073065,0.950851458888546,1722,2.05307844348342,3,2.2718416065365,2.81056113976561,1334,31,2.20139712432045,42,7.02966070175171,10.7,42,42,9,20,88,48,5.40000009536743,78,10.9,17.5,9.9,2.07662901880328,9.89999961853027,2.78139630519679,0.442378313001867,-1.7734375,0,0,4.27158382670803,8.7,0.026588049
"279",44.549005,-123.485049,-2.31760497885377,9.2,659,28,26,16,2,-1.97308505892216,304.5,2.82477646247555,97,0.301029995663981,1,0,0,0,-1.04069976285136,4.80000019073486,0.587374172073065,0.950851458888546,1722,2.05307844348342,3,2.2718416065365,2.81056113976561,1334,30,2.20139712432045,42,8.23878479003906,10.7,42,42,9,20,88,48,5.40000009536743,78,10.9,17.5,9.9,2.07662901880328,9.89999961853027,2.78139630519679,0.442378313001867,-9.34375,0,0,4.27158382670803,9,0.06939772
"280",44.546931,-123.468754,-2.62408703769874,9.8,659,28,26,16,2,-1.97902165931781,270.5,2.82477646247555,97,0.301029995663981,1,0,0,0,-1.03463623672279,4.80000019073486,0.587374172073065,0.950851458888546,1722,2.05307844348342,3,2.2718416065365,2.81056113976561,1334,29,2.20139712432045,42,10.9145927429199,10.7,42,42,9,20,88,48,5.40000009536743,78,10.9,17.5,9.9,2.07662901880328,9.69999980926514,2.78139630519679,0.442378313001867,-9.7265625,0,0,4.27158382670803,9.4,0.042673858
"281",44.545176,-123.448346,-2.78519997484722,9.8,659,28,31,16,2,-1.90150006602276,214.0625,2.82477646247555,97,0.301029995663981,1,0,0,0,-1.07560898536566,5.19999980926514,0.587374172073065,0.950851458888546,1722,2.05307844348342,3,2.2718416065365,2.81056113976561,1334,24,2.20139712432045,42,11.0201454162598,10.7,42,42,9,20,88,48,5.5,78,10.9,17.5,9.9,2.07662901880328,8.89999961853027,2.78139630519679,0.442378313001867,-13.5390625,0,0,4.27158382670803,9.2,0.028184154
"282",37.2572222,-80.5975,-2.40897405954846,9.9,882,30,25,20,22,-1.98327595449651,695.9375,3.43980621139333,87,0,0,30,0.0791812460476248,2.46834733041216,-1.12209789958398,5.09999990463257,2.45105995796322,1.58524634945826,1148,1.84509804001426,7,2.54282542695918,4.45605789364514,491,30,2.10720996964787,42,11.3806552886963,7.4,36,43,0,4,56,67,5.30000019073486,84,6.5,21.7,10.6,2.89154946062086,6.09999990463257,2.47296172028069,0.999139018522068,0.7265625,2,0,4.5297435630054,7.3,0.08647259
"283",37.2658333,-80.5938889,-3.05263652204963,9.7,882,30,23,20,22,-2.04447638241474,578.8125,3.43980621139333,87,0,0,30,0.0791812460476248,2.46834733041216,-1.10629192664295,4.80000019073486,2.45105995796322,1.58524634945826,1148,1.84509804001426,7,2.54282542695918,4.45605789364514,491,28,2.10720996964787,47,4.42985868453979,7.4,36,43,0,4,56,67,5.5,84,6.5,21.7,10.6,2.89154946062086,5.40000009536743,2.47296172028069,0.999139018522068,-6.1328125,2,0,4.5297435630054,6.9,0.036637233
"284",37.2375,-80.6030556,-3.18689302114593,8,882,30,19,20,22,-1.97394210645238,537.9375,3.43980621139333,87,0,0,30,0.0791812460476248,2.46834733041216,-1.09023025345596,5,2.45105995796322,1.58524634945826,1148,1.84509804001426,7,2.54282542695918,4.45605789364514,491,27,2.10720996964787,48,5.82719659805298,7.4,36,43,0,4,56,67,5.5,84,6.5,21.7,10.6,2.89154946062086,5.09999990463257,2.47296172028069,0.999139018522068,-2.8828125,2,0,4.5297435630054,7.1,0.038569396
"285",37.2555556,-80.5238889,-4.08394530244963,8.2,884,30,26,20,22,-1.99937385907063,660.375,3.44247976906445,88,0,0,30,0.0791812460476248,2.46834733041216,-1.08670704785344,4.80000019073486,2.44582829743848,1.5907192613212,1152,1.85733249643127,7,2.54157924394658,4.4260226085895,475,25,1.7481880270062,46,8.27334785461426,7.4,36,43,1,4,57,68,5.30000019073486,84,6.5,21.7,10.6,2.89154946062086,6.69999980926514,2.47296172028069,0.999139018522068,-3.6875,2,0,4.5297435630054,6.5,0.014224511
"286",46.25551,-89.521483,-5.82019989319225,17,652,86,9,9,0,-1.90427331799161,516.4375,1.57978359661681,87,0.477121254719662,0,0,1.08635983067475,1.99563519459755,-0.931338472478078,4.59999990463257,0.166133970305109,0.528402437953617,843,2.02938377768521,0,1.98677173426624,2.30255170026345,707,53,1.51851393987789,37,1.30627202987671,1.5,32,58,0,37,65,67,4.69999980926514,87,17,18.5,3.7,2.68432420113714,6.09999990463257,2.62945175351076,0.767709218253075,-0.0390625,0,44,4.55394810379068,16.2,-0.001497716
"287",46.259211,-89.519488,-4.64659194366365,16.6,652,86,9,9,0,-1.90427331799161,514.9375,1.57978359661681,87,0.477121254719662,0,0,1.08635983067475,1.99563519459755,-0.931338472478078,4.5,0.166133970305109,0.528402437953617,843,2.02938377768521,0,1.98677173426624,2.30255170026345,707,52,1.51851393987789,38,1.06194591522217,1.5,32,58,0,37,65,67,4.69999980926514,87,17,18.5,3.7,2.68432420113714,5.59999990463257,2.62945175351076,0.767709218253075,0.890625,0,44,4.55394810379068,16.5,0.004964559
"288",46.236509,-89.492856,-3.42199888046442,16.2,651,86,6,9,0,-1.9102141880655,520,1.69019608002851,83,0.602059991327962,0,0,1.24551266781415,1.91381385238372,-0.944716669261787,4.69999980926514,0.151982395457474,0.669595781024313,837,2.03342375548695,0,2.05307844348342,1.87654113101688,664,51,1.25527250510331,37,0.60903924703598,1.6,31,59,0,38,67,67,4.80000019073486,87,17,18.5,3.7,2.68432420113714,6.30000019073486,2.62945175351076,0.767709218253075,-0.125,0,47,4.55394810379068,16.3,0.028742207
"289",46.219192,-89.481997,-3.70220123632759,18.3,651,86,8,9,0,-1.9102141880655,513.75,1.69019608002851,83,0.602059991327962,0,0,1.24551266781415,1.91381385238372,-0.944716669261787,4.80000019073486,0.151982395457474,0.669595781024313,837,2.03342375548695,0,2.05307844348342,1.87654113101688,664,50,1.25527250510331,39,1.45001482963562,1.6,31,59,0,38,67,67,4.80000019073486,87,17,18.5,3.7,2.68432420113714,6.69999980926514,2.62945175351076,0.767709218253075,-0.9140625,0,47,4.55394810379068,19.9,0.011964502
"290",17.4497,-93.1484,-2.25006728512923,28,1576,150,25,31,90,-2.5151211378449,111.5625,4.29384851573066,72,0.301029995663981,0,91,0,0,-0.0506145376751439,4.19999980926514,1.29101345396538,1.83190814912245,3665,2.16136800223497,0,2.50242711998443,2.38057661915909,835,43,2.38916608436453,28,4.38067674636841,14.9,39,30,0,0,32,89,5.30000019073486,96,26.1,27,23.4,2.82830428271347,5.30000019073486,2.47296172028069,1.35805762813517,0.140625,3,0,4.10757977548491,27.1,0.102084335
"291",17.46635,-93.1283167,-1.59783864479504,27.6,1576,150,27,31,90,-2.92316376427546,75.4375,4.29384851573066,72,0.301029995663981,0,91,0,0,0.041385352307475,4.09999990463257,1.29101345396538,1.83190814912245,3665,2.16136800223497,0,2.50242711998443,2.38057661915909,835,46,2.38916608436453,23,2.53903126716614,14.9,39,30,0,0,32,89,5.40000009536743,96,26.1,27,23.4,2.82830428271347,4.69999980926514,2.47296172028069,1.35805762813517,-2.1640625,3,0,4.10757977548491,27.1,0.199448876
"292",18.2525,-92.8446833,-2.13830260797486,24.3,1330,96,27,24,68,-1.56847623442712,1.5,3.84422858130163,63,2,0,0,1.2405492482826,1.20411998265592,-0.026799645304268,5.40000009536743,1.21819402709298,2.16817621072755,1854,1.61278385671974,13,2.26245108973043,1.96727645730917,1193,29,0.602059991327962,39,0.10349714756012,0,30,44,0,0,42,59,6.5,80,28,28.7,26.6,2.38270697464771,9.89999961853027,2.50770635175989,1.1838742210192,0.046875,4,24,3.83616587453512,25.7,0.112342687
"293",50.9768833,-115.0820667,-5.94132177431665,5.4,482,39,21,17,0,-1.89785883333431,1431.625,3.77901897191487,61,0,0,0,0.477121254719662,2.41664050733828,-1.55731454876624,3.59999990463257,0.0806264869218057,0.0842186867392388,635,1.69897000433602,0,1.91381385238372,2.96103361602078,256,34,2.2405492482826,41,1.87400960922241,21.3,39,43,12,49,63,58,6.09999990463257,85,7.4,12.1,-1.2,2.0432502525293,4.30000019073486,NA,0.375702250455978,-1.078125,0,4,4.30488112297994,7.3,-0.001190933
"294",50.9722167,-115.0985167,-6.16298623302001,8.5,479,39,21,17,0,-1.89785883333431,1454.5,3.83218946106851,58,0,0,0,0.462397997898956,2.3747483460101,-1.55731454876624,3.59999990463257,0.0433622780211295,0.0519239160461065,642,1.7160033436348,0,1.78532983501077,2.78320514673233,262,34,2.56820172406699,43,5.47614431381226,22.1,39,43,11,51,63,65,6.19999980926514,86,5.9,10.5,-1.5,2.0432502525293,4.5,NA,0.375702250455978,-5.6640625,0,1,4.30488112297994,7.6,1.60799999999999e-05
"295",50.93235,-115.1347483,-5.93085837252052,5.1,479,39,24,17,0,-1.79604803521443,1445.6875,3.83218946106851,58,0,0,0,0.462397997898956,2.3747483460101,-0.70581746920469,3.79999995231628,0.0433622780211295,0.0519239160461065,642,1.7160033436348,0,1.78532983501077,2.78320514673233,262,32,2.56820172406699,41,1.32930481433868,22.1,39,43,11,51,63,65,6.19999980926514,86,5.9,10.5,-1.5,2.0432502525293,4.40000009536743,NA,0.375702250455978,-2.1796875,0,1,4.30488112297994,7.7,0.000459511
"296",50.8903833,-115.1361167,-5.72978390086958,5.1,478,40,19,17,0,-1.76735000609902,1514.125,3.85539799665407,56,0,0,0,0.531478917042255,2.3747483460101,-1.59024297215251,3.79999995231628,0.0310042813635368,0.0453229787866575,646,1.72427586960079,0,1.76342799356294,2.65975746826812,273,33,2.53781909507327,46,1.52021265029907,22.1,39,43,10,53,64,67,6.19999980926514,86,5.4,9.9,-1.6,2.0432502525293,4.19999980926514,NA,0.375702250455978,-0.109375,0,2,4.30488112297994,7.6,0.001004505
"297",31.05875,-89.2421111,-5.56570908752316,12.3,1167,56,14,20,7,-1.44711158145617,64.5,2.79934054945358,96,0,3,0,0.230448921378274,1.39794000867204,-0.919158310045483,3,1.5438694643368,1.58490763903562,1576,2.15533603746506,5,2.68214507637383,2.96114809098043,597,37,1.39794000867204,48,0.349170863628387,1.2,35,45,1,0,26,100,4.80000019073486,83,9,27.3,18.6,2.78353067217567,3.20000004768372,2.27818178456752,1.05155733292968,0.140625,2,34,4.3693064601526,10.7,0.00207607
"298",31.1020806,-89.2397889,-6.35983678123086,11.7,1175,56,13,20,2,-1.38915301295618,83.4375,2.9415114326344,92,0,6,0,0.204119982655925,0.698970004336019,0.104985481150993,3.09999990463257,0.431846045698725,1.07671324469003,1582,2.15836249209525,3,2.21748394421391,1.83886797269556,582,33,1.32221929473392,53,0.964995384216309,1.3,34,45,2,0,27,100,4.90000009536743,83,8.7,27.2,18.6,2.78353067217567,3,2.27818178456752,1.05155733292968,-0.25,0,38,4.3693064601526,10.6,0.000160553
"299",31.1037583,-89.2096611,-4.93601727346795,NA,1175,56,13,20,2,-1.37737689832728,72.0625,2.9415114326344,92,0,6,0,0.204119982655925,0.698970004336019,0.102016683039794,3.09999990463257,0.431846045698725,1.07671324469003,1582,2.15836249209525,3,2.21748394421391,1.83886797269556,582,34,1.32221929473392,51,0.900879442691803,1.3,34,45,2,0,27,100,4.90000009536743,83,8.7,27.2,18.6,2.78353067217567,3.09999990463257,2.27818178456752,1.05155733292968,-0.3984375,0,38,4.3693064601526,11.6,0.005304529
"300",31.3505278,-89.4169722,-5.26881138123526,14.4,1133,68,17,20,14,-1.42580191199256,86.5,2.86864443839483,89,0,1,0,0.0413926851582251,0.903089986991944,-0.920272455069374,3.5,1.81897766765923,1.5848059743755,1524,2.16136800223497,10,2.55388302664387,3.33217881561452,566,39,1.41497334797082,42,0.699091076850891,1.2,35,45,1,1,24,100,4.90000009536743,82,10.6,27.3,18.1,2.78353067217567,2.90000009536743,2.27818178456752,1.05155733292968,0.2578125,1,11,4.3693064601526,11.4,0.003395423
"301",62.855465,25.469201,-5.95620667564997,8.2,398,27,12,6,1,-2.27276480301295,165.4375,0.778151250383644,87,1.14612803567824,0,0,1.13353890837022,3.4451369687133,-1.59898419486807,6.5,0.894094427322699,0.666705136119899,584,1.78532983501077,0,2.19312459835446,3.04792873789198,244,46,1.60205999132796,40,0.49180594086647,1.9,27,66,18,53,163,73,4.69999980926514,87,8.2,15.5,2.2,2.39451964705027,10.3999996185303,2.57829923884057,0.930068804391062,-1.2109375,0,12,4.10178396356583,7.3,0.000783703
"302",62.837,25.45957,-5.98488861601456,10.6,404,27,11,4,0,-2.27528532607061,167.1875,0.845098040014257,70,1.6232492903979,0,0,1.35218251811136,1.44715803134222,-1.59870113332908,6.69999980926514,0.271841606536499,0.929418925714293,608,1.78532983501077,0,2.56110138364906,1.2465724341217,246,52,1.93951925261862,36,0.374410033226013,3.6,26,69,16,52,131,73,4.69999980926514,87,8.2,15.6,2.5,2.39451964705027,10.1000003814697,2.57829923884057,0.930068804391062,-0.625,0,22,4.10178396356583,7.4,-0.001206549
"303",62.2044779,25.60775,-6.058661746066,8.5,416,28,8,4,3,-2.32514235048886,158.875,1.17609125905568,90,1.14612803567824,0,0,0.986771734266245,1.6232492903979,-1.6039195311459,6.69999980926514,1.44247976906445,1.95537502267018,646,1.80617997398389,0,2.83314711191279,1.90161631699433,270,56,1.5910646070265,36,1.81846177577972,3.5,25,70,13,50,122,74,4.5,88,8.8,16.1,3,2.39451964705027,11.1999998092651,2.57829923884057,0.930068804391062,1.1875,0,9,4.10178396356583,8.2,-0.0003668
"304",62.229638,25.569677,-6.32537598537392,NA,415,28,8,4,2,-2.37088503823376,157.625,1.14612803567824,92,1,0,0,0.869231719730976,1.5910646070265,-1.70624062697265,6.30000019073486,1.34572651277418,1.96115046566012,645,1.80617997398389,0,2.81291335664286,1.72233771166733,266,55,1.69897000433602,36,2.4800500869751,3.4,25,70,15,51,124,74,4.5,88,8.5,15.9,2.9,2.39451964705027,10.8999996185303,2.57829923884057,0.930068804391062,-2.6484375,0,6,4.10178396356583,NA,-0.000162436
"305",-42.922052,147.252283,-2.60661356279177,NA,620,49,18,22,0,NA,554.9375,1.46239799789896,99,1.86332286012046,0,0,0,0,NA,7.40000009536743,1.43711609304808,2.62834396547045,743,1.77085201164214,0,3.08635983067475,0.950656882504511,309,57,2.16731733474818,23,10.2336940765381,6.8,27,51,1,9,51,57,5.09999990463257,72,14.2,15.5,11.8,1.9392209819469,4.90000009536743,2.47296172028069,0.607763188254355,5.40625,18,0,3.96879091459916,NA,0.071431588
"306",-42.907978,147.264159,-5.76268315830831,10.3,518,45,17,23,1,NA,378.875,1.82607480270083,30,1.94939000664491,1,0,0,0,NA,7.19999980926514,1.9779109972099,2.78200511189146,603,1.74036268949424,16,2.73158876518674,1.0623939372532,281,60,2.40312052117582,22,7.89615535736084,4.1,23,54,0,5,60,53,5.19999980926514,58,14,15.4,12.1,1.9392209819469,4.69999980926514,2.47296172028069,0.607763188254355,1.84375,45,0,3.96879091459916,10.9,-0.002619866
"307",-42.915404,147.329809,-2.90827948233529,13.6,518,45,8,23,1,NA,115.75,1.82607480270083,30,1.94939000664491,1,0,0,0,NA,6.30000019073486,1.9779109972099,2.78200511189146,603,1.74036268949424,16,2.73158876518674,1.0623939372532,281,53,2.40312052117582,17,9.62022590637207,4.1,23,54,0,5,60,53,6,58,14,15.4,12.1,1.9392209819469,3.59999990463257,2.47296172028069,0.607763188254355,-1,45,0,3.96879091459916,14.7,0.052443865
"308",-27.6044444,-52.2688889,-4.36916758774485,12.9,1277,58,43,38,55,-2.07231472637689,676.1875,4.35131305939873,30,0,0,0,0,0,0.20326575391137,4.90000009536743,1.20999729608237,1.89302900027648,1866,2.17318626841227,15,2.46538285144842,2.02665989826,1010,20,2.06069784035361,33,7.56641817092896,11.1,18,44,0,0,34,100,5.19999980926514,95,14,22.7,18.2,2.99029659836177,5.19999980926514,1.83884909073726,1.30721314758819,-1.0859375,4,0,4.32041657168019,10.8,0.008080149
"309",-27.5013889,-51.9491667,-2.91028023503424,14.1,1265,65,41,36,49,-2.04023980931469,482.1875,4.64143444709644,7,0.301029995663981,0,0,0,0,-0.77631014893893,4.69999980926514,0.699056854547668,1.58810356030274,1770,2.10037054511756,33,2.11058971029925,1.7444416350694,968,20,2.13672056715641,35,10.230881690979,9.1,25,40,0,0,37,100,5.30000019073486,93,14.2,22.9,18.3,2.99029659836177,4.5,2.30427505047713,1.30721314758819,1.265625,0,1,4.32041657168019,11.8,0.042614847
"310",-27.5147222,-52.3325,-2.19351304360681,NA,1290,58,43,36,42,-1.96824772741878,709.4375,4.47164369904139,24,0,0,0,0,0,0.258673815164803,4.90000009536743,0.53567380342575,1.17539583139403,1911,2.1846914308176,26,2.17318626841227,1.96688760887355,983,19,2.11058971029925,33,7.86683511734009,13.4,28,37,0,0,43,100,5.19999980926514,96,14.1,22.8,18.2,2.99029659836177,5.09999990463257,1.83884909073726,1.30721314758819,2.8203125,0,0,4.32041657168019,12.1,0.108709196
"311",-27.4966667,-51.9333333,-3.68174988996433,15.2,1265,65,39,36,49,-2.04023980931469,540.875,4.64143444709644,7,0.301029995663981,0,0,0,0,-0.77631014893893,4.80000019073486,0.699056854547668,1.58810356030274,1770,2.10037054511756,33,2.11058971029925,1.7444416350694,968,21,2.13672056715641,36,5.44518566131592,9.1,25,40,0,0,37,100,5.19999980926514,93,14.2,22.9,18.3,2.99029659836177,4,2.97313230904768,1.30721314758819,6.4609375,0,1,4.32041657168019,11.9,-0.00288926
"312",44.039084,-78.57832,-3.75071009287654,7.9,612,32,21,18,29,-2.01369743924913,269.5,2.67851837904011,27,0.954242509439325,1,25,0,0,-1.13143946700893,4.59999990463257,0.603144372620182,1.17880434565538,810,1.82607480270083,16,2.38021124171161,2.07985749484148,363,41,1.77085201164214,35,2.10049200057983,2.4,42,40,4,24,36,65,6,82,8.8,19.7,6.6,2.88507689905098,7.80000019073486,2.43517317966578,0.990495379831944,0.96875,0,0,4.53191464012564,7.5,0.017422961
"313",44.01781,-78.685356,-3.30052353027846,NA,612,32,17,17,44,-1.915693090283,242.125,2.85853719756964,2,1.56820172406699,2,0,1.38021124171161,0,-0.0551033226886566,4.5,1.59666305939874,2.39550811209304,786,1.79934054945358,14,2.67394199863409,1.79381831269841,361,44,1.77815125038364,37,2.28205156326294,1.3,42,39,2,14,28,63,6.30000019073486,80,9.7,20.5,7.5,2.88507689905098,6.40000009536743,2.43517317966578,0.990495379831944,0.71875,14,29,4.53191464012564,NA,0.028805044
"314",44.010698,-78.781537,-2.80088568349762,NA,614,32,17,17,36,-1.85737180928918,222.625,2.82672252016899,13,1.25527250510331,2,0,1.16435285578444,0,-0.140857412315381,4.40000009536743,0.698274576674368,1.50768050001082,803,1.81291335664286,11,2.67760695272049,1.93351765703035,352,45,1.82607480270083,35,1.52387547492981,1.6,42,41,2,21,27,65,6.09999990463257,81,9.3,20.2,7.1,2.88507689905098,6.80000019073486,2.43517317966578,0.990495379831944,-0.6328125,0,15,4.53191464012564,NA,0.053890097
"315",43.999637,-79.067008,-3.17259163135534,8.1,613,32,14,17,36,-1.89554697732786,252,2.92788341033071,23,0.477121254719662,0,0,0,0,-0.189797998706732,4.40000009536743,1.24494475272718,2.12216998812956,799,1.79934054945358,5,3.25983269906348,1.71778696483273,299,54,2.01283722470517,30,1.15745723247528,2,43,40,3,20,25,65,5.69999980926514,81,9.4,20.4,7.2,2.95293258074328,7.59999990463257,NA,1.14496934420587,-0.78125,5,0,4.44529635744402,6.5,0.036801519
"316",-34.3911667,-54.4967222,-3.3362681837237,NA,897,103,20,24,1,-1.62731409615363,144.6875,2.76117581315573,14,0,0,0,0,0,-0.217731217827138,4.90000009536743,0.0398105541483504,0.15136985024746,1152,1.98677173426624,81,2.73239375982297,2.08870650097361,577,44,1.86332286012046,33,5.30749320983887,3.9,23,53,0,1,37,61,5.19999980926514,81,21.6,21.6,15.9,2.88688355159284,4,2.47296172028069,0.95094190576833,-4.6015625,0,0,4.57327476673112,NA,0.015413539
"317",-34.674,-54.3688333,-2.65224700014855,NA,852,98,25,22,2,NA,6.5,2.56110138364906,32,1.95424250943932,0,0,0.0413926851582251,0,NA,5.5,0.0648322197385739,0.373095987078727,1081,1.96848294855394,73,3.05076631123304,1.56995881809659,562,26,1.34242268082221,46,0.250361800193787,0.7,17,60,0,1,36,61,6,80,21.7,21.7,16.3,2.88688355159284,4.19999980926514,NA,0.95094190576833,0.140625,0,27,4.57327476673112,NA,0.020665997
"318",-34.2503333,-54.2138056,-2.42068336833324,NA,903,103,20,26,4,-1.66350972858205,93.6875,2.78390357927274,7,0,2,0,0,0,-0.20858292108415,4.69999980926514,0.0195316845312554,0.0996806411092501,1144,1.99122607569249,94,2.68574173860226,1.9889778890619,552,36,1.53147891704226,42,2.15737295150757,3.2,23,51,0,0,32,61,5.80000019073486,80,21.8,21.8,16.2,2.88688355159284,3.5,2.47296172028069,0.95094190576833,-0.953125,0,0,4.57327476673112,NA,0.087037449
"319",-34.0775556,-53.934,-3.38647014179418,NA,906,104,20,26,9,NA,129.9375,2.7041505168398,3,1,8,0,0,0,NA,5,0.0515383905153274,0.206286044412432,1145,1.98677173426624,86,2.75815462196739,1.89399465449646,548,42,1.54406804435028,36,2.11051869392395,2.2,23,51,0,0,39,62,5.80000019073486,81,22,22,16.4,NA,3.70000004768372,2.47296172028069,NA,-1.2734375,0,0,NA,NA,0.031714619
"320",-10.2623333,-48.13755,-4.92052990849154,NA,1216,45,23,29,0,-1.76840905474021,633.6875,3.62716095237478,52,0,0,0,0,0,-0.609896579498132,2.90000009536743,0.334252642334231,0.852845818014997,1729,0.845098040014257,19,2.3096301674259,1.98161930224629,581,50,2.23552844690755,25,2.34323310852051,6.4,19,52,0,0,20,29,5,68,25.6,26.5,25.2,2.92961889232552,1.70000004768372,2.06818583342647,1.92933329257999,0.0078125,0,0,3.63761872065214,NA,-0.003647912
"321",-10.2848167,-48.1595167,-4.8735314465445,NA,1212,45,25,29,1,-1.70174868291855,563.1875,3.5358002908249,44,0,0,0,0,0,-0.507172751748128,3,1.27121409720883,1.94887244876741,1706,0.778151250383644,23,2.20682587603185,2.03478081392627,588,49,2.11058971029925,23,6.58926963806152,5.9,19,52,0,0,20,29,5,68,25.7,26.7,25.3,2.92961889232552,1.89999997615814,2.06818583342647,1.92933329257999,-4.8515625,4,0,3.63761872065214,NA,-0.000518307999999999
"322",-10.27965,-48.1954,-4.28587455482142,NA,1212,45,23,29,1,-1.80061647182456,651.125,3.5358002908249,44,0,0,0,0,0,-0.60353958812387,2.90000009536743,1.27121409720883,1.94887244876741,1706,0.778151250383644,23,2.20682587603185,2.03478081392627,588,49,2.11058971029925,25,1.26511287689209,5.9,19,52,0,0,20,29,4.90000009536743,68,25.7,26.7,25.3,2.92961889232552,1.79999995231628,2.06818583342647,1.92933329257999,0.265625,4,0,3.63761872065214,NA,0.000295019000000001
"323",-10.2476833,-48.1150333,-3.74101735771503,NA,1216,45,25,29,0,-1.56639452482664,597.1875,3.62716095237478,52,0,0,0,0,0,-0.763084941979857,3,0.334252642334231,0.852845818014997,1729,0.845098040014257,19,2.3096301674259,1.98161930224629,581,47,2.23552844690755,26,6.3710036277771,6.4,19,52,0,0,20,29,4.90000009536743,68,25.6,26.5,25.2,2.92961889232552,1.70000004768372,2.06818583342647,1.92933329257999,-0.3984375,0,0,3.63761872065214,NA,0.016100474
"324",-19.2105556,-46.9919444,-2.89499195458657,NA,1156,49,36,31,13,-1.69715161577065,881.125,4.14144977340047,1,0.301029995663981,1,16,0.0791812460476248,1.23044892137827,-0.390434175167029,3.29999995231628,1.76781608551071,1.02546971906106,1526,1.7160033436348,56,2.13987908640124,4.07489832010118,414,43,1.98227123303957,17,4.93857955932617,5.1,19,50,0,0,23,37,5.30000019073486,73,21.5,22.8,20.5,3.00700425590503,2.09999990463257,2.06818583342647,1.18873385273413,2.125,0,0,4.45560352407751,NA,0.047431369
"325",-19.1644444,-47.0116667,-3.19714217104755,NA,1158,49,36,31,12,-1.80935241670179,925.0625,4.13987908640124,1,0.301029995663981,1,13,0.113943352306837,1.44715803134222,-0.498855001792742,3.20000004768372,2.19512442298668,1.33817749929654,1543,1.70757017609794,55,2.17897694729317,4.19397362097079,414,43,1.72427586960079,17,3.822420835495,5,19,49,0,0,23,36,5.30000019073486,74,21.7,23,20.4,3.00700425590503,2,2.06818583342647,1.18873385273413,-0.40625,1,0,4.45560352407751,NA,0.028366685
"326",-19.1316667,-47.0480556,-3.78457469604517,NA,1144,48,34,31,12,-1.59126046721008,870,4.15164560251163,1,0,2,0,0.176091259055681,0,-0.294587066246444,2.90000009536743,0.173186268412274,0.516138576717074,1532,1.70757017609794,56,1.86332286012046,2.0699380598124,412,46,1.75587485567249,17,2.94503831863403,5.2,19,50,0,0,23,36,5.30000019073486,72,21.7,23,21.2,3.00700425590503,1.89999997615814,2.06818583342647,1.18873385273413,-1.0078125,0,0,4.45560352407751,NA,0.004637214
"327",-19.1233333,-46.8252778,-3.24594133868818,NA,1147,49,33,32,17,-1.78897454302625,935.25,4.06766588197425,0,0,2,21,0,0,-0.484672381683751,3.09999990463257,0.931152638523293,1.22409258849427,1526,1.7160033436348,65,2.36172783601759,2.42789327211515,410,44,1.83884909073726,20,4.02687406539917,4.7,20,48,0,0,22,36,5.30000019073486,72,21.8,23.1,21.2,3.00700425590503,1.89999997615814,2.06818583342647,1.18873385273413,-3.1015625,0,0,4.45560352407751,NA,0.015490817
"328",-13.113412,130.799162,-5.34052094000911,24.5,978,58,16,21,0,-1.53451750095665,129.5625,3.4896772916637,9,0,0,0,0,0,-0.941724449181358,2.59999990463257,0.00475115559100102,0.0378247505883419,1419,0.477121254719662,0,2.11394335230684,1.94551782207784,817,67,1.81291335664286,15,1.56815385818481,2.3,26,53,0,0,16,50,6.09999990463257,55,23.6,29.3,26.9,2.58697669536881,1.5,2.73704308898461,1.67703818897315,-0.734375,0,0,3.54727162730228,24.5,8.27060000000001e-05
"329",-13.10193,130.781625,-3.82085521165212,26,978,58,17,21,0,-1.53562357337953,110.1875,3.4896772916637,9,0,0,0,0,0,-0.940786347143445,2.5,0.00475115559100102,0.0378247505883419,1419,0.477121254719662,0,2.11394335230684,1.94551782207784,817,66,1.81291335664286,15,1.95829057693481,2.3,26,53,0,0,16,50,6.30000019073486,55,23.6,29.3,26.9,2.58697669536881,1.5,2.73704308898461,1.67703818897315,-0.8828125,0,0,3.54727162730228,24,0.019559154
"330",-13.096206,130.782785,-2.83664577210325,25.1,978,58,15,21,0,-1.53562357337953,87.5,3.4896772916637,9,0,0,0,0,0,-0.940786347143445,2.5,0.00475115559100102,0.0378247505883419,1419,0.477121254719662,0,2.11394335230684,1.94551782207784,817,68,1.81291335664286,15,2.59664702415466,2.3,26,53,0,0,16,50,6.19999980926514,55,23.6,29.3,26.9,2.58697669536881,1.5,2.73704308898461,1.67703818897315,-0.546875,0,0,3.54727162730228,25.2,0.055849319
"331",-13.187592,130.721831,-5.65300172159552,24.4,979,58,17,21,0,-1.53695751958482,143.9375,3.33183204443625,38,1.07918124604762,0,0,0,0,-0.943143176375335,2.59999990463257,0.00774777800073995,0.0378247505883419,1408,0.301029995663981,0,2.13353890837022,2.30333215824341,814,61,1.91381385238372,20,1.30830144882202,1.7,22,57,0,0,16,50,6.09999990463257,55,23.6,29.4,27,2.58697669536881,1.70000004768372,2.73704308898461,1.67703818897315,-0.796875,0,0,3.54727162730228,23.3,0.001653634
"332",-37.8651361,145.4110667,-2.2851633172849,NA,819,123,10,29,4,-1.96829062563779,255.875,2.50379068305718,100,0,10,0,0,0,-8.06708459080937,6.40000009536743,1.33431298475823,1.95471033032272,1119,1.95904139232109,3,2.985426474083,1.76613760758672,351,49,1.85733249643127,25,2.25251197814941,5.9,19,52,0,0,36,80,5.5,80,16.7,18.9,13.3,2.48155560853463,4,2.65114601987935,1.23245693351982,0.2265625,10,0,3.88643179592142,NA,0.099485167
"333",44.8329139,15.5568778,-3.19593454985264,7.8,698,38,25,25,7,-1.61173879779987,793.875,2.81624129999178,85,0.778151250383644,0,100,0.204119982655925,0.954242509439325,-0.374718383388229,5.90000009536743,0.358505911490235,0.96189547366785,1276,2.14921911265538,15,2.49276038902684,2.06180670682034,790,32,2.23552844690755,40,2.6441822052002,8.9,43,32,7,21,67,87,5.80000019073486,91,9,17.8,8.4,2.79885079423611,7.19999980926514,2.43517317966578,1.08748911289983,-1.40625,0,0,4.34869480224289,NA,0.031731766
"334",44.8714667,15.5997194,-5.58318952384501,10.2,698,38,17,25,7,-1.71520382502394,654.8125,2.81624129999178,85,0.778151250383644,0,100,0.204119982655925,0.954242509439325,-0.391691800843762,5.5,0.358505911490235,0.96189547366785,1276,2.14921911265538,15,2.49276038902684,2.06180670682034,790,30,2.23552844690755,44,4.39223146438599,8.9,43,32,7,21,67,87,5.69999980926514,91,9,17.8,8.4,2.79885079423611,6.09999990463257,2.43517317966578,1.08748911289983,-6.0625,0,0,4.34869480224289,9.1,-0.01110123
"335",47.504222,-93.454358,-6.10668372226537,NA,582,52,9,9,2,-1.85690580766148,415.6875,1.81291335664286,72,0.954242509439325,0,0,1.24551266781415,2.52113808370404,-1.08430429172462,4.30000019073486,0.24551266781415,0.729083757043612,687,1.90308998699194,1,2.03342375548695,1.58516734065099,265,42,1.30102999566398,42,1.04762709140778,1.7,33,56,2,32,87,65,5.40000009536743,76,11.9,18.8,3,2.90233686032042,4.90000009536743,2.7022984798527,0.887645755459537,0.2109375,0,45,4.65202422576749,NA,-0.001195144
"336",47.514601,-93.472058,-6.20590012313163,NA,582,52,15,9,2,-1.85839078330769,430.3125,1.81291335664286,72,0.954242509439325,0,0,1.24551266781415,2.52113808370404,-1.10554140113389,4.09999990463257,0.24551266781415,0.729083757043612,687,1.90308998699194,1,2.03342375548695,1.58516734065099,265,40,1.30102999566398,43,0.987773001194,1.7,33,56,2,32,87,65,5.40000009536743,76,11.9,18.8,3,2.90233686032042,5,2.7022984798527,0.887645755459537,2.125,0,45,4.65202422576749,NA,-0.001641219
"337",47.52327,-93.462401,-5.31820889779606,NA,579,52,15,9,1,-1.85839078330769,419.75,1.94448267215017,96,0.698970004336019,0,0,1.02938377768521,1.7160033436348,-1.10554140113389,4.40000009536743,0.0863598306747482,0.569958818096594,683,1.90848501887865,0,2.17026171539496,1.15060295179301,275,36,1.30102999566398,46,1.09771931171417,1.5,33,58,2,32,87,64,5.40000009536743,76,11.9,18.7,3,2.90233686032042,5.59999990463257,2.7022984798527,0.887645755459537,0.3984375,0,40,4.65202422576749,NA,-0.006307542
"338",47.519712,-93.469765,-6.39444793722727,NA,579,52,16,9,1,-1.85839078330769,425.5,1.94448267215017,96,0.698970004336019,0,0,1.02938377768521,1.7160033436348,-1.10554140113389,4.19999980926514,0.0863598306747482,0.569958818096594,683,1.90848501887865,0,2.17026171539496,1.15060295179301,275,37,1.30102999566398,45,0.951031088829041,1.5,33,58,2,32,87,64,5.40000009536743,76,11.9,18.7,3,2.90233686032042,5.19999980926514,2.7022984798527,0.887645755459537,-0.8515625,0,40,4.65202422576749,NA,0.000158276
"339",44.22385,-79.42123333,-2.99609293858581,9.8,616,32,14,18,43,-1.85394834435169,230.3125,2.87273882747267,11,1.65321251377534,6,44,0.477121254719662,0.698970004336019,-0.0794408977871236,4.40000009536743,2.32856103130687,2.50548371393967,806,1.80617997398389,6,3.11859536522376,2.57516705373671,223,36,1,48,0.62056577205658,1.5,43,38,3,22,27,64,6.5,80,9.1,19.8,6.6,2.88507689905098,5.90000009536743,2.43517317966578,0.990495379831944,-0.6484375,17,4,4.53191464012564,7.9,0.048481531
"340",44.46181,-78.62283,-3.70910881484788,9.2,620,32,21,19,30,-1.87029113863941,251.375,2.76937732607614,28,1.7481880270062,0,100,0.278753600952829,0.477121254719662,-0.0681833738528723,4.19999980926514,0.549003262025788,1.18015455945335,835,1.84509804001426,27,2.50514997831991,1.98148336006535,372,44,1.25527250510331,31,0.371063679456711,0.8,43,38,2,28,34,65,6.5,82,8.4,19.5,6,2.88507689905098,6.59999990463257,2.43517317966578,0.990495379831944,-0.34375,0,0,4.53191464012564,7.4,0.022430074
"341",44.58538333,-78.59411667,-4.87778605908834,8.6,623,32,21,11,12,-1.97675169023808,278.6875,2.4345689040342,68,1.50514997831991,0,55,1.04139268515823,3.77923563167586,-0.0951828391366986,4,1.97847725193778,1.3591712057167,902,1.86332286012046,8,2.38738982633873,3.95316339574531,385,38,1.36172783601759,38,0.872351825237274,2.5,35,53,4,31,71,67,5.69999980926514,84,8.1,19.4,5.2,2.88507689905098,7.90000009536743,2.36232642911299,0.990495379831944,0.0625,0,8,4.53191464012564,6.4,0.004876364
"342",44.427347,-78.135899,-5.878361601564,10.6,615,31,21,19,33,-1.88854451039812,220.25,2.81291335664286,36,1.04139268515823,0,100,0.322219294733919,0.301029995663981,-0.109728020395531,4.19999980926514,0.630224410752432,1.26092958352992,821,1.84509804001426,12,2.43933269383026,2.18681229975871,374,42,1.30102999566398,34,1.2908056974411,1.6,42,39,4,25,36,64,6.40000009536743,81,8.3,19.6,6.1,2.88507689905098,7.59999990463257,NA,0.990495379831944,-0.671875,0,1,4.53191464012564,7.3,0.000722286
"343",44.06103056,-79.62886944,-2.96005058459661,10.2,619,32,17,18,52,-1.82699651851309,222.5625,3.0733517023869,9,1.67209785793572,10,0,0.0413926851582251,0,-0.0644633114146164,4.30000019073486,1.14348321067006,1.83691248354771,814,1.80617997398389,7,2.82865989653532,1.74654079223071,236,48,1.50514997831991,33,0.3924620449543,1.6,44,38,3,23,25,64,6.40000009536743,80,9.1,19.8,6.7,2.88507689905098,7.59999990463257,2.36232642911299,0.990495379831944,-0.609375,2,0,4.53191464012564,9.1,0.050484044
"344",44.02475,-79.96975,-4.30424955621643,8.7,629,34,16,17,32,-1.85718350294367,276.25,2.72754125702856,22,0.778151250383644,2,76,0,0,-0.0645807671610822,4.40000009536743,0.930949031167523,1.36038511430464,899,1.85125834871908,10,2.44404479591808,2.26652332419192,216,51,1.86923171973098,31,1.96927344799042,2.3,43,41,2,26,28,68,6,84,8.6,19.2,5.8,2.88507689905098,7.80000019073486,2.36232642911299,0.990495379831944,-2.3515625,0,0,4.53191464012564,8.2,0.011744365
"345",44.13008,-79.72736,-4.81964814225997,10,620,33,21,20,61,-1.8078183287993,212.5625,3.14082218010931,13,1.39794000867204,8,49,0,0,-0.069076377518535,4.40000009536743,0.858416877723488,1.49992065923135,832,1.82607480270083,7,2.67117284271508,1.92064500140679,212,43,1.36172783601759,34,0.145520851016045,1.5,46,34,2,27,27,64,6.5,81,9,19.6,6.4,2.88507689905098,8.19999980926514,2.36232642911299,0.990495379831944,-0.0078125,1,8,4.53191464012564,9.9,0.006638184
"346",44.58750556,-79.66553333,-3.89104474592898,9.1,628,34,17,13,22,-2.0386677074901,246.8125,2.51587384371168,81,1.07918124604762,0,100,0,0,-1.17069688102985,4.5,0.885643871835764,1.57548805115899,917,1.89209460269048,4,2.45788189673399,1.79908541268655,228,47,1.70757017609794,34,2.4021532535553,2.5,39,48,5,29,53,68,5.5,83,8.6,19,5.9,2.88507689905098,7.30000019073486,2.43517317966578,0.990495379831944,-2.1796875,0,5,4.53191464012564,8.3,0.019058687
"347",44.5119,-79.50206667,-3.97627612729596,9,624,33,17,16,36,-1.88130262371472,287,2.44247976906445,6,1.69019608002851,1,100,1.47567118832443,0,-0.0727588637623746,4.5,2.06786280469788,2.63531381596414,866,1.86332286012046,10,2.92272545799326,2.07948514583244,225,49,1.60205999132796,32,0.92799323797226,1.1,41,42,3,29,39,66,5.80000019073486,81,8.7,19.2,6.2,2.88507689905098,6.19999980926514,2.43517317966578,0.990495379831944,-0.375,20,46,4.53191464012564,8.1,0.016518618
"348",44.4351,-79.1271,-6.30255554975638,10,620,33,15,19,42,-1.8770751312021,237.625,2.9795483747041,19,1.76342799356294,0,83,0.113943352306837,0,-0.0833114530307042,4.09999990463257,1.0893751608161,1.46746010950726,841,1.85125834871908,13,2.48572142648158,2.38507156575751,287,47,1.34242268082221,36,0.459319859743118,1.1,44,37,2,27,31,66,6.30000019073486,82,8.6,19.5,6.3,2.88507689905098,5.30000019073486,2.43517317966578,0.990495379831944,0,0,1,4.53191464012564,8.1,0.00025912
"349",44.24166667,-78.98166667,-3.86978032456082,8.6,616,32,18,17,41,-1.88628161245124,274.1875,2.93247376467715,25,1.6232492903979,1,9,0.0413926851582251,0,-0.0606808271341778,4.19999980926514,0.717420836722375,1.37584643630916,825,1.82607480270083,10,2.68214507637383,1.90620031418437,301,46,1.53147891704226,34,0.97881406545639,1.7,43,40,3,26,28,66,6.19999980926514,82,8.9,19.7,6.5,2.88507689905098,7.59999990463257,2.43517317966578,0.990495379831944,-0.3203125,0,0,4.53191464012564,6.8,0.018952325
"350",44.4593,-78.81985,-5.65731672413,9,620,32,20,19,36,-1.86501484598142,258.6875,2.89042101880091,25,1.77815125038364,0,100,0.602059991327962,0.477121254719662,-0.0716487840400241,4.09999990463257,0.508529718971287,1.33296333593959,844,1.84509804001426,25,2.66745295288995,1.64842832159425,348,46,1.30102999566398,32,0.206071853637695,0.9,44,38,2,29,33,66,6,82,8.6,19.6,6.1,2.88507689905098,8,2.43517317966578,0.990495379831944,-0.1484375,0,1,4.53191464012564,8.3,0.001414263
"351",50.3968528,-104.4860861,-3.25419074556914,16.6,356,53,38,19,84,-1.47255342637287,571.9375,2.8992731873176,0,0,0,0,0,0,-0.618445021276893,5,0.625209525381881,1.35873412719801,407,1.68124123737559,8,2.32837960343874,0.0257153839013406,5,11,1.50514997831991,48,0.329977363348007,0.4,40,40,0,35,20,41,7,49,17.2,18.3,1.9,2.85691150855946,4.5,2.72621899742394,0.661711749888764,-0.515625,0,38,4.83253287957731,14.9,0.021859172
"352",50.5727667,-103.4106361,-2.29041271785935,17.9,337,55,25,20,73,-1.59444896611689,475.875,2.88138465677057,2,0.301029995663981,0,0,0.342422680822206,3.65944078187032,-0.628332549217573,4.90000009536743,2.47504762270714,0.960993708942336,382,1.73239375982297,15,2.05690485133647,3.31265266140718,18,38,1.88081359228079,34,1.02231001853943,0.5,43,37,0,34,19,42,6.90000009536743,46,17.1,18.4,2.4,2.85691150855946,4.80000019073486,2.72621899742394,0.661711749888764,-0.9921875,0,39,4.83253287957731,16.7,0.081593246
"353",50.8338139,-104.3246333,-2.18648714741592,15.9,353,52,28,20,73,-1.5373602377811,529.25,2.92324401863028,2,0,0,0,0.0413926851582251,1,-0.628055270019011,4.69999980926514,0.711385379098452,0.438700532900736,402,1.67209785793572,10,2.06445798922692,1.74784666150212,9,35,1.60205999132796,34,2.93172740936279,0.5,41,39,0,35,19,40,6.90000009536743,50,17.5,18.5,1.9,2.85691150855946,4.5,2.72621899742394,0.661711749888764,-2.0078125,0,38,4.83253287957731,12.2,0.087525514
"354",41.180475,-75.2899889,-4.99938249499155,9.6,798,48,13,18,0,-1.89825720292202,446.375,2.29446622616159,100,0,0,27,0.146128035678238,0.602059991327962,-0.773767515373398,6.5,0.934801341746537,1.64456659391856,1154,1.94448267215017,0,2.72672720902657,2.0665122778566,608,43,2.23299611039215,43,6.27613973617554,4.3,40,42,3,10,65,78,4.09999990463257,89,9.1,20,7.7,2.81637945960458,9.19999980926514,2.47296172028069,0.885044881860802,-5.0078125,1,38,4.56866769865039,8.4,0.001523968
"355",41.1276306,-75.231475,-3.34013598936148,10.5,798,48,19,18,0,-1.86454258866048,252.375,2.29446622616159,100,0,0,27,0.146128035678238,0.602059991327962,-0.78211914489108,5.90000009536743,0.934801341746537,1.64456659391856,1154,1.94448267215017,0,2.72672720902657,2.0665122778566,608,33,2.23299611039215,46,2.08331608772278,4.3,40,42,3,10,65,78,4.5,89,9.1,20,7.7,2.81637945960458,8.69999980926514,2.47296172028069,0.885044881860802,-1.4296875,1,38,4.56866769865039,9.5,0.028317642
"356",41.072724,-75.218941,-3.73784468160606,10.6,798,48,16,18,0,-1.8512322249002,190.625,2.29446622616159,100,0,0,27,0.146128035678238,0.602059991327962,-0.787405074508213,6,0.934801341746537,1.64456659391856,1154,1.94448267215017,0,2.72672720902657,2.0665122778566,608,37,2.23299611039215,46,3.56861186027527,4.3,40,42,3,10,65,78,4.80000019073486,89,9.1,20,7.7,2.81637945960458,9.19999980926514,2.47296172028069,0.885044881860802,-5.4296875,1,38,4.56866769865039,NA,0.017857849
"357",41.1355167,-75.1061806,-4.60771722694471,10.4,799,48,13,17,0,-1.84861521140348,300.9375,2.23299611039215,100,0,0,66,0.462397997898956,1.50514997831991,-0.786980349118555,6.40000009536743,1.0757293997409,1.56308933176574,1137,1.93951925261862,0,2.53019969820308,2.42810400340315,615,43,2.02938377768521,42,3.27398777008057,3.6,39,43,1,8,64,76,4.40000009536743,88,9.5,20.4,7.8,2.81637945960458,9.19999980926514,2.47296172028069,0.885044881860802,-2.4375,0,39,4.56866769865039,9.1,0.000570131999999999
"358",-27.7333333,-48.5166667,-2.51946259208225,NA,1105,115,5,22,0,NA,1.1875,3.16908635748702,41,2,0,0,0.113943352306837,2.76267856372744,NA,NA,2.53741356427967,2.96778564996152,1467,2.27875360095283,5,3.07591176148278,1.79321746439479,867,NA,1.27875360095283,NA,0.440701723098755,5.4,20,58,0,0,56,100,NA,99,23.7,24.2,20,2.87755939575534,NA,2.06818583342647,1.33314329593979,-1.2421875,29,1,4.18174922072217,NA,0.076372803
"359",-27.7333333,-48.5166667,-2.07806393102129,NA,1105,115,5,22,0,NA,1.1875,3.16908635748702,41,2,0,0,0.113943352306837,2.76267856372744,NA,NA,2.53741356427967,2.96778564996152,1467,2.27875360095283,5,3.07591176148278,1.79321746439479,867,NA,1.27875360095283,NA,0.440701723098755,5.4,20,58,0,0,56,100,NA,99,23.7,24.2,20,2.87755939575534,NA,2.06818583342647,1.33314329593979,-1.2421875,29,1,4.18174922072217,NA,0.116518303
"360",-27.7333333,-48.5166667,-2.09104691223596,NA,1105,115,5,22,0,NA,1.1875,3.16908635748702,41,2,0,0,0.113943352306837,2.76267856372744,NA,NA,2.53741356427967,2.96778564996152,1467,2.27875360095283,5,3.07591176148278,1.79321746439479,867,NA,1.27875360095283,NA,0.440701723098755,5.4,20,58,0,0,56,100,NA,99,23.7,24.2,20,2.87755939575534,NA,2.06818583342647,1.33314329593979,-1.2421875,29,1,4.18174922072217,NA,0.119579356
"361",64.252197,19.7763,-4.98769817269879,2.9,369,9,8,6,0,-2.46446514731809,265,2.42324587393681,77,1.11394335230684,0,0,0.812913356642856,3.82846654735268,-1.68316206304751,6.19999980926514,1.11481107383806,0.274619619091238,661,1.69897000433602,0,1.73239375982297,5.0633873439933,476,57,2.04532297878666,35,2.51675629615784,5,26,67,67,61,170,80,4.59999990463257,92,2.4,14.9,-0.2,2.02255181648278,8.30000019073486,2.62945175351076,0.406258207978547,0.5859375,0,4,4.25362672941085,0.1,-0.001044562
"362",64.259399,19.773899,-5.31236801623071,4.4,369,9,7,6,0,-2.45777246929847,295.6875,2.42324587393681,77,1.11394335230684,0,0,0.812913356642856,3.82846654735268,-1.6840836213237,6.19999980926514,1.11481107383806,0.274619619091238,661,1.69897000433602,0,1.73239375982297,5.0633873439933,476,59,2.04532297878666,34,0.663652062416077,5,26,67,67,61,170,80,4.59999990463257,92,2.4,14.9,-0.2,2.02255181648278,8.89999961853027,2.62945175351076,0.406258207978547,0.9921875,0,4,4.25362672941085,1.9,-0.00143385
"363",64.260803,19.760401,-4.96934230651065,3,369,9,7,6,0,-2.45777246929847,298.75,2.42324587393681,77,1.11394335230684,0,0,0.812913356642856,3.82846654735268,-1.6840836213237,6.19999980926514,1.11481107383806,0.274619619091238,661,1.69897000433602,0,1.73239375982297,5.0633873439933,476,59,2.04532297878666,34,0.786923229694366,5,26,67,67,61,170,80,4.59999990463257,92,2.4,14.9,-0.2,2.02255181648278,9.19999980926514,2.62945175351076,0.406258207978547,1.515625,0,4,4.25362672941085,NA,0.000575208999999999
"364",64.198097,19.869101,-5.36826676679136,1.7,369,9,13,6,0,-2.39738990585096,153.1875,2.42324587393681,77,1.11394335230684,0,0,0.812913356642856,3.82846654735268,-1.70060613266973,6.19999980926514,1.11481107383806,0.274619619091238,661,1.69897000433602,0,1.73239375982297,5.0633873439933,476,50,2.04532297878666,36,1.37377488613129,5,26,67,67,61,170,80,4.59999990463257,92,2.4,14.9,-0.2,2.02255181648278,9.19999980926514,2.62945175351076,0.406258207978547,-1.0859375,0,4,4.25362672941085,-0.1,-0.002342643
"365",35.586,-92.682,-6.09436985702938,5.7,975,33,13,20,6,-1.96513053350875,322.0625,2.93550726582471,100,0,0,0,0,0,-0.98577187443056,3.40000009536743,0.151982395457474,0.420615770625765,1256,2.04139268515822,2,2.02118929906994,1.98665978827209,364,35,1.82607480270083,50,5.02462291717529,7.8,39,41,3,1,34,92,5.5,82,4,25.8,14.3,2.91271788364006,2.79999995231628,2.31597031344335,1.07655970388424,-0.421875,0,0,4.47349130066244,2.7,9.55649999999997e-05
"366",35.587806,-92.69826638,-6.22747755578237,4.7,975,33,14,20,6,-2.00640705981777,345.4375,2.93550726582471,100,0,0,0,0,0,-0.975416494802184,3.5,0.151982395457474,0.420615770625765,1256,2.04139268515822,2,2.02118929906994,1.98665978827209,364,33,1.82607480270083,52,7.45950889587402,7.8,39,41,3,1,34,92,5.5,82,4,25.8,14.3,2.91271788364006,3,2.31597031344335,1.07655970388424,-7.4140625,0,0,4.47349130066244,NA,-0.000395214
"367",35.5688,-92.674,-6.29223780306394,2.9,975,33,13,20,6,-1.95778478308574,247.25,2.93550726582471,100,0,0,0,0,0,-0.962075552566429,3.40000009536743,0.151982395457474,0.420615770625765,1256,2.04139268515822,2,2.02118929906994,1.98665978827209,364,38,1.82607480270083,47,3.41674208641052,7.8,39,41,3,1,34,92,5.40000009536743,82,4,25.8,14.3,2.91271788364006,3.20000004768372,2.31597031344335,1.07655970388424,-5.5234375,0,0,4.47349130066244,6.1,-0.002244957
"368",35.5651,-92.6645,-6.04115659785487,6.2,975,33,14,20,6,-1.95778478308574,284.8125,2.93550726582471,100,0,0,0,0,0,-0.962075552566429,3.40000009536743,0.151982395457474,0.420615770625765,1256,2.04139268515822,2,2.02118929906994,1.98665978827209,364,37,1.82607480270083,47,5.44669723510742,7.8,39,41,3,1,34,92,5.40000009536743,82,4,25.8,14.3,2.91271788364006,2.90000009536743,2.31597031344335,1.07655970388424,-1.09375,0,0,4.47349130066244,2.6,0.000112805
"369",49.65759,-93.73246,-6.06875604283822,10.8,533,45,11,5,0,-2.0672295540103,393.375,1.69019608002851,98,1.57978359661681,0,0,1.28330122870355,1.76342799356294,-1.38167178676934,5.69999980926514,0.000434077479318593,0.00173371280900053,671,1.90308998699194,0,0,0.997517439414725,117,41,1.50514997831991,40,1.22744905948639,3.4,29,65,4,46,96,72,5.59999990463257,86,11.6,19.4,2.3,2.69870745701204,4.5,NA,0.776485438478303,-1.4609375,0,47,4.55955513944035,9,-0.004131281
"370",49.64864,-93.72581,-5.93616570564595,12.1,533,45,17,5,0,-2.0672295540103,392.5625,1.69019608002851,98,1.57978359661681,0,0,1.28330122870355,1.76342799356294,-1.38167178676934,5.69999980926514,0.000434077479318593,0.00173371280900053,671,1.90308998699194,0,0,0.997517439414725,117,41,1.50514997831991,39,1.56219637393951,3.4,29,65,4,46,96,72,5.59999990463257,86,11.6,19.4,2.3,2.69870745701204,4.5,NA,0.776485438478303,-0.0859375,0,47,4.55955513944035,9,-0.00026993
"371",-37.8746,145.36,-2.92411455665652,NA,819,107,24,29,4,-2.11761930889865,449,2.50379068305718,100,0,10,0,0,0,-1.16116362883843,6.90000009536743,1.33431298475823,1.95471033032272,1119,1.81954393554187,3,2.985426474083,1.76613760758672,351,51,1.85733249643127,23,5.22579431533813,5.9,19,52,0,0,36,66,5.19999980926514,80,18.6,18.9,13.3,2.48155560853463,4,2.65114601987935,1.23245693351982,-1.8671875,10,0,3.88643179592142,NA,0.050240165
"372",-37.8303,145.397,-5.65172565183069,NA,831,98,19,27,2,-2.02009550862065,264.25,2.55750720190566,95,0.477121254719662,4,0,0.176091259055681,2.4456042032736,-1.18101091029822,6.59999990463257,1.98142443856948,1.64951009915197,1343,1.7481880270062,8,2.74507479158206,3.35088154841719,318,52,1.79934054945358,26,4.17109632492065,9.9,21,52,0,0,42,60,5.19999980926514,82,19.2,19.5,12.2,2.48155560853463,3.70000004768372,2.65114601987935,1.23245693351982,-1.8515625,3,1,3.88643179592142,NA,-0.012473444
"373",-37.8298,145.397,-5.16134417870176,NA,831,98,19,27,2,-2.02009550862065,264.25,2.55750720190566,95,0.477121254719662,4,0,0.176091259055681,2.4456042032736,-1.18101091029822,6.59999990463257,1.98142443856948,1.64951009915197,1343,1.7481880270062,8,2.74507479158206,3.35088154841719,318,52,1.79934054945358,26,4.17109632492065,9.9,21,52,0,0,42,60,5.19999980926514,82,19.2,19.5,12.2,2.48155560853463,3.70000004768372,2.65114601987935,1.23245693351982,-1.8515625,3,1,3.88643179592142,NA,-0.002434686
"374",-37.8581,145.323,-2.66329255662237,NA,762,96,14,28,0,-1.81279863992542,159.75,2.38738982633873,27,0,1,0,0,0,-0.0107362461797451,6.59999990463257,2.46016538664623,3.10317918752855,950,1.7481880270062,2,3.86876195821205,1.73463183791028,302,56,1.68124123737559,24,2.35426878929138,4.2,28,44,0,0,23,60,5.59999990463257,74,19.2,19.5,14,2.48155560853463,3.5,2.65114601987935,1.23245693351982,-3.4453125,84,0,3.88643179592142,NA,0.067082629
"375",52.00309,5.73516,-5.08802888877018,8.5,549,26,9,6,5,-1.17591154408062,28,1.57978359661681,48,0.301029995663981,2,0,0,0,-0.568676056038218,4.59999990463257,1.79898883535045,2.69504190586324,792,1.83250891270624,8,3.09795107099415,1.65376227201233,481,77,1.34242268082221,13,0.579708397388458,1,24,71,12,17,72,75,4.30000019073486,85,10.3,16.6,9.2,3.30900255825663,2.79999995231628,2.40011503795659,1.19650772945246,-0.1171875,3,0,4.74982794971079,9.2,-0.008038301
"376",51.990251,5.785061,-5.62247478279725,10.3,589,26,12,18,23,-1.18142527290121,30.5625,3.02857125269254,44,0.778151250383644,1,9,0.301029995663981,4.90615719251705,-0.569342664822085,4.40000009536743,4.66539004707662,2.46950685412893,877,1.81954393554187,17,3.26693691115917,6.10446274131369,459,67,1.17609125905568,21,1.08129715919495,6.9,38,43,9,17,55,73,4.5,85,10.4,16.7,8.2,3.30900255825663,3.29999995231628,2.50770635175989,1.19650772945246,-0.1015625,17,1,4.74982794971079,9.8,-0.002452112
"377",51.977843,5.758026,-2.96682220596712,10.7,589,26,5,18,23,-1.18663359254788,19.5,3.02857125269254,44,0.778151250383644,1,9,0.301029995663981,4.90615719251705,-0.565896317189872,4.5,4.66539004707662,2.46950685412893,877,1.81954393554187,17,3.26693691115917,6.10446274131369,459,76,1.17609125905568,15,1.21053040027618,6.9,38,43,9,17,55,73,4.80000019073486,85,10.4,16.7,8.2,3.30900255825663,3.09999990463257,2.50770635175989,1.19650772945246,-0.6875,17,1,4.74982794971079,10.5,0.045587668
"378",51.988664,5.728783,-3.45755400995923,NA,549,26,9,6,5,-1.17591154408062,22.5,1.57978359661681,48,0.301029995663981,2,0,0,0,-0.568676056038218,4.40000009536743,1.79898883535045,2.69504190586324,792,1.83250891270624,8,3.09795107099415,1.65376227201233,481,74,1.34242268082221,17,1.05248975753784,1,24,71,12,17,72,75,4.69999980926514,85,10.3,16.6,9.2,3.30900255825663,3,2.50770635175989,1.19650772945246,-0.515625,3,0,4.74982794971079,9.9,0.024401459
"379",48.488655,-54.020952,-6.16025107704276,8.7,551,52,9,8,0,-2.8250194103678,102.8125,1.84509804001426,91,1.99563519459755,0,0,0.146128035678238,2.03342375548695,-1.65634060227272,5.09999990463257,0.108565023732834,0.614369839548289,1100,1.98227123303957,0,2.10037054511756,2.18693939256736,953,46,2.02118929906994,40,2.03470635414124,4.2,27,64,5,38,117,85,4.69999980926514,94,11.7,15.4,4.8,2.23642203046068,3.40000009536743,2.48812264618093,0.37870068027033,-0.734375,0,0,4.49505447109696,7.2,-0.000349215
"380",48.612927,-53.970698,-6.1234054338293,7.9,543,51,15,9,0,NA,32,1.7160033436348,95,2,0,0,0.113943352306837,1.67209785793572,NA,5,0.500373714353374,0.817102404256923,1061,1.9731278535997,0,2.20139712432045,1.97670295774948,919,49,1.94448267215017,35,4.01906824111938,3.5,28,63,6,36,126,82,4.5,93,11.8,15.5,4.7,2.23642203046068,3.59999990463257,NA,0.37870068027033,-2.6875,0,0,4.49505447109696,7,0.00019528
"381",48.446114,-54.021368,-6.32219776345503,7,551,52,14,8,0,-2.80265903207805,74,1.84509804001426,91,1.99563519459755,0,0,0.146128035678238,2.03342375548695,-1.6378088545662,5,0.108565023732834,0.614369839548289,1100,1.98227123303957,0,2.10037054511756,2.18693939256736,953,47,2.02118929906994,37,2.80550098419189,4.2,27,64,5,38,117,85,4.69999980926514,94,11.7,15.4,4.8,2.23642203046068,3.70000004768372,2.48812264618093,0.37870068027033,-0.796875,0,0,4.49505447109696,7.2,-0.000775734
"382",48.433979,-54.032012,-6.26516745168412,9.5,551,52,15,8,0,NA,83.375,1.84509804001426,91,1.99563519459755,0,0,0.146128035678238,2.03342375548695,NA,4.90000009536743,0.108565023732834,0.614369839548289,1100,1.98227123303957,0,2.10037054511756,2.18693939256736,953,47,2.02118929906994,37,1.7852817773819,4.2,27,64,5,38,117,85,4.69999980926514,94,11.7,15.4,4.8,2.23642203046068,3.5,2.48812264618093,0.37870068027033,0.2421875,0,0,4.49505447109696,7.9,-6.81989999999999e-05
"383",1.3202778,103.7695278,-5.66828889093632,NA,1559,47,12,22,40,NA,23.125,3.02775720469055,0,1.99563519459755,0,0,0.204119982655925,1.67209785793572,NA,4.5,3.45125313835266,3.41260551206792,2360,2.13672056715641,2,3.61930207587561,2.06109041613842,1308,32,1.36172783601759,27,1.38163411617279,0.9,26,51,1,0,53,100,5.19999980926514,100,7.3,27.4,26.8,3.03102191547196,3.59999990463257,NA,1.57802184221891,-1.3984375,37,0,4.09033319415967,NA,-0.015333419
"384",-0.513158,-78.20542516,-3.59475251952275,6.6,777,67,17,8,25,-1.85885747596388,4118.625,3.65609820201283,0,0,0,0,0.462397997898956,1.83250891270624,-0.400895014494171,5.30000019073486,0.437750562820388,1.02763496577754,1167,2.05690485133647,43,2.01703333929878,1.99929587244188,1097,41,2.42324587393681,41,4.53121948242188,10.2,32,59,2,3,99,100,5.69999980926514,100,4.9,5,4.3,2.67436346682912,5.59999990463257,2.56096933717349,1.00322179869902,-3.1328125,0,0,4.30847478903671,7.6,0.025805814
"385",-0.504707,-78.21576061,-2.61486025832178,8.7,777,67,17,8,25,-2.04909530169199,4111.0625,3.65609820201283,0,0,0,0,0.462397997898956,1.83250891270624,-0.348267790099567,5.69999980926514,0.437750562820388,1.02763496577754,1167,2.05690485133647,43,2.01703333929878,1.99929587244188,1097,43,2.42324587393681,39,2.55241537094116,10.2,32,59,2,3,99,100,5.80000019073486,100,4.9,5,4.3,2.67436346682912,5.80000019073486,2.56096933717349,1.00322179869902,-0.9140625,0,0,4.30847478903671,9,0.071203548
"386",-0.493211,-78.19976063,-6.34778298317463,7.6,777,67,17,8,25,-2.14627338706081,4223.4375,3.65609820201283,0,0,0,0,0.462397997898956,1.83250891270624,-0.319805637442259,5.80000019073486,0.437750562820388,1.02763496577754,1167,2.05690485133647,43,2.01703333929878,1.99929587244188,1097,44,2.42324587393681,37,5.00722885131836,10.2,32,59,2,3,99,100,5.80000019073486,100,4.9,5,4.3,2.67436346682912,6.5,2.93838771864774,1.00322179869902,-0.9140625,0,0,4.30847478903671,6.6,0.000420178
"387",-0.513162,-78.21610706,-2.9714915093732,8.2,777,67,17,8,25,-1.85885747596388,4074.5,3.65609820201283,0,0,0,0,0.462397997898956,1.83250891270624,-0.400895014494171,5.40000009536743,0.437750562820388,1.02763496577754,1167,2.05690485133647,43,2.01703333929878,1.99929587244188,1097,41,2.42324587393681,41,4.29836511611938,10.2,32,59,2,3,99,100,5.69999980926514,100,4.9,5,4.3,2.67436346682912,5.69999980926514,2.56096933717349,1.00322179869902,-2.765625,0,0,4.30847478903671,9.3,0.042948833
"388",61.3652778,25.2263889,-5.54445885472703,NA,418,29,16,4,0,NA,94.75,1.07918124604762,87,1.39794000867204,0,0,1.20139712432045,2.45788189673399,NA,6.90000009536743,0.328787200354535,0.863679667875898,638,1.81954393554187,0,2.56229286445647,1.85263855536933,224,43,1.49136169383427,38,1.90336012840271,4,26,68,11,48,123,72,4.80000019073486,87,9.2,16.1,3.6,2.39451964705027,12.5,2.57829923884057,0.930068804391062,-0.1875,0,13,4.10178396356583,NA,0.001634793
"389",61.3869444,25.3202778,-6.11639758320527,NA,417,29,8,5,2,NA,83.1875,1.23044892137827,81,1.54406804435028,0,0,1.24797326636181,3.17260293120986,NA,6.80000019073486,1.45999525604739,1.05130691081797,634,1.81954393554187,0,2.62531245096167,3.33097717880235,211,47,0.954242509439325,38,2.23248434066772,3.4,27,67,9,49,141,72,4.59999990463257,87,9.3,16.3,3.2,2.39451964705027,12,2.57829923884057,0.930068804391062,-1.578125,0,16,4.10178396356583,NA,8.87779999999999e-05
"390",61.3411111,25.1516667,-6.23061604463626,NA,418,29,11,4,0,-2.28651041371158,148.9375,1.07918124604762,87,1.39794000867204,0,0,1.20139712432045,2.45788189673399,-1.65252820914609,6.69999980926514,0.328787200354535,0.863679667875898,638,1.81954393554187,0,2.56229286445647,1.85263855536933,224,56,1.49136169383427,32,1.28727352619171,4,26,68,11,48,123,72,4.69999980926514,87,9.2,16.1,3.6,2.39451964705027,11.6999998092651,2.57829923884057,0.930068804391062,-0.609375,0,13,4.10178396356583,NA,-6.13099999999998e-05
"391",61.0877778,25.6344444,-3.81898262694768,NA,416,29,15,6,43,-2.09010317616562,102,2.04532297878666,43,1.64345267648619,1,0,1.38021124171161,1.23044892137827,-0.506558177607982,6.59999990463257,1.35110026003142,2.23650955039987,648,1.83250891270624,0,3.36828688490213,1.3399679147026,218,36,1.50514997831991,44,1.53955054283142,2.8,30,61,7,43,93,72,5.19999980926514,87,9.5,16.4,3.9,2.39451964705027,12.1000003814697,2.62945175351076,0.930068804391062,0.375,10,20,4.10178396356583,NA,0.019543483
"392",-12.9958,-41.3267333,-5.99580354696763,NA,780,49,27,22,3,-2.46691018069038,1004.875,3.76492298464989,75,0,0,31,0,0,-0.349590801043278,3.20000004768372,0.593950295263987,1.2182465796683,923,1.43136376415899,5,1.7160033436348,1.51948672206446,115,54,2.12057393120585,17,5.13922119140625,8.7,23,55,0,0,34,44,5.69999980926514,52,17.5,20.4,19.1,2.80303815355065,2.20000004768372,1.80106050365494,1.05845329655006,0.046875,0,0,4.38191797790721,NA,0.000103427
"393",-12.9996167,-41.3176,-4.72185390111877,NA,780,49,27,22,3,-2.461690197982,1055.3125,3.76492298464989,75,0,0,31,0,0,-1.33188254743451,3.59999990463257,0.593950295263987,1.2182465796683,923,1.43136376415899,5,1.7160033436348,1.51948672206446,115,53,2.12057393120585,17,9.35615634918213,8.7,23,55,0,0,34,44,5.69999980926514,52,17.5,20.4,19.1,2.80303815355065,2.59999990463257,1.80106050365494,1.05845329655006,-8.171875,0,0,4.38191797790721,NA,0.006478568
"394",-12.99775,-41.3411167,-4.07592930864863,NA,780,49,24,22,3,-2.46691018069038,961.1875,3.76492298464989,75,0,0,31,0,0,-0.349590801043278,2.90000009536743,0.593950295263987,1.2182465796683,923,1.43136376415899,5,1.7160033436348,1.51948672206446,115,56,2.12057393120585,17,3.65778136253357,8.7,23,55,0,0,34,44,5.69999980926514,52,17.5,20.4,19.1,2.80303815355065,2,1.80106050365494,1.05845329655006,-2.1015625,0,0,4.38191797790721,NA,0.014117461
"395",-12.9930833,-41.34055,-6.17810983778202,NA,780,49,24,22,3,-2.46691018069038,961.1875,3.76492298464989,75,0,0,31,0,0,-0.349590801043278,2.90000009536743,0.593950295263987,1.2182465796683,923,1.43136376415899,5,1.7160033436348,1.51948672206446,115,56,2.12057393120585,17,3.65778136253357,8.7,23,55,0,0,34,44,5.69999980926514,52,17.5,20.4,19.1,2.80303815355065,2,1.80106050365494,1.05845329655006,-2.1015625,0,0,4.38191797790721,NA,-0.00031126
"396",58.268511,26.913609,-3.37508604910179,NA,435,15,10,12,29,-1.14864462109462,59.1875,2.08278537031645,30,0.954242509439325,0,18,0.662757831681574,3.33405144034689,0.475460276080962,6.69999980926514,2.39176230302268,1.47924410094482,622,1.76342799356294,4,2.67942789661212,4.17193322802898,241,56,1.34242268082221,32,0.749774992465973,1,37,50,20,37,91,79,6.19999980926514,86,5.8,17,5,2.58366758810223,10.3000001907349,2.2868862662509,0.81196089611301,-0.6640625,1,4,4.40903981289584,NA,0.027717366
"397",58.228419,26.742294,-3.83123222378557,NA,448,15,11,11,31,-1.16588667408939,56.1875,2.14612803567824,26,0,0,0,0.176091259055681,0.698970004336019,0.48005822911787,6.59999990463257,0.408748606184244,0.975523712960331,613,1.77085201164214,4,2.77959649125782,1.74658749809535,249,54,1.69897000433602,33,1.23038280010223,1.6,39,51,29,37,53,80,6.09999990463257,87,5.7,16.8,4.8,2.58366758810223,11.6999998092651,2.2868862662509,0.81196089611301,-0.890625,0,0,4.40903981289584,NA,0.01421429
"398",58.1141,26.885656,-3.40533911681826,NA,449,15,10,11,13,-1.13892145097451,82.0625,1.95904139232109,31,0,0,0,0,0,0.471804306013761,6.5,0.443262987458695,1.11001700679211,618,1.77085201164214,2,2.68930885912362,1.77238039120134,253,58,1.56820172406699,30,0.792539536952972,1.4,39,50,31,40,55,80,5.80000019073486,87,5.6,16.7,4.7,2.58366758810223,11.1000003814697,2.2868862662509,0.81196089611301,-0.5703125,0,0,4.40903981289584,NA,0.023989204
"399",58.360699,26.367717,-2.69533714553542,NA,433,15,12,12,26,-1.10219778416067,40.375,2.02938377768521,33,0.903089986991944,0,23,0.716003343634799,3.31659930209386,0.550001862514253,6.59999990463257,2.00235615902386,1.20712249765096,625,1.79239168949825,4,2.57749179983723,4.00501388655315,252,52,0.903089986991944,35,0.665271639823914,1,36,50,22,37,96,80,6.19999980926514,86,6.1,16.9,5,2.58366758810223,12.1000003814697,2.2868862662509,0.81196089611301,-0.8359375,0,4,4.40903981289584,NA,0.056295184
"400",-36.8795833,-72.9854333,-3.90788557640414,NA,668,47,21,25,6,-2.09678967974667,165.8125,2.25767857486918,59,0.698970004336019,0,0,0,0,-1.25679169829238,6.69999980926514,2.48010759557645,2.59431408296094,1374,2.26481782300954,17,2.66086547800387,3.30424940155928,981,43,2.01283722470517,33,7.75095891952515,6.4,18,58,11,5,37,100,5.90000009536743,71,8.5,16.6,12.1,2.5130926383043,4.90000009536743,2.68589061813729,0.908639924841536,-2.46875,5,0,4.24178583436938,NA,0.015967833
"401",-36.8806278,-72.9853028,-3.76780440004928,NA,668,47,21,25,6,-2.09678967974667,165.8125,2.25767857486918,59,0.698970004336019,0,0,0,0,-1.25679169829238,6.69999980926514,2.48010759557645,2.59431408296094,1374,2.26481782300954,17,2.66086547800387,3.30424940155928,981,43,2.01283722470517,33,7.75095891952515,6.4,18,58,11,5,37,100,5.90000009536743,71,8.5,16.6,12.1,2.5130926383043,4.90000009536743,2.68589061813729,0.908639924841536,-2.46875,5,0,4.24178583436938,NA,0.013544113
"402",-36.8806028,-72.9950889,-3.1000067791343,NA,668,47,21,25,6,-2.09678967974667,150.625,2.25767857486918,59,0.698970004336019,0,0,0,0,-1.25679169829238,6.80000019073486,2.48010759557645,2.59431408296094,1374,2.26481782300954,17,2.66086547800387,3.30424940155928,981,44,2.01283722470517,32,8.36337661743164,6.4,18,58,11,5,37,100,5.90000009536743,71,8.5,16.6,12.1,2.5130926383043,4.80000019073486,2.68589061813729,0.908639924841536,-4.3515625,5,0,4.24178583436938,NA,0.042620222
"403",-36.8782222,-72.9939611,-3.39577193604512,NA,668,47,21,25,6,-2.09678967974667,150.625,2.25767857486918,59,0.698970004336019,0,0,0,0,-1.25679169829238,6.80000019073486,2.48010759557645,2.59431408296094,1374,2.26481782300954,17,2.66086547800387,3.30424940155928,981,44,2.01283722470517,32,8.36337661743164,6.4,18,58,11,5,37,100,5.90000009536743,71,8.5,16.6,12.1,2.5130926383043,4.80000019073486,2.68589061813729,0.908639924841536,-4.3515625,5,0,4.24178583436938,NA,0.010872831
"404",50.0615504,19.718899,-2.17951314388605,6.8,591,28,19,17,72,-0.995731795919024,242.3125,3.01745072951054,6,0.301029995663981,0,0,0.176091259055681,0.301029995663981,0.648971749930144,4.09999990463257,1.50129210219344,2.48815995773521,702,1.64345267648619,17,3.18695633546541,1.27630092457077,271,21,1.61278385671974,56,1.92714285850525,2.8,40,44,6,20,28,70,6.09999990463257,80,9.2,17.7,8,3.10484852827717,8.69999980926514,2.26597133516591,1.38056124287561,-1.4375,23,0,4.36162040630817,5.4,0.11025277
"405",49.842415,20.062902,-3.2549792817174,6,650,30,20,16,17,-1.05509879698413,313.1875,2.7160033436348,72,0,0,0,0.301029995663981,2.10720996964787,-0.69212802569731,4.80000019073486,2.25598609168525,2.31306535481351,839,1.66275783168157,10,2.959518376973,2.84984428621499,310,17,1.86923171973098,60,3.07894229888916,9.2,40,44,7,27,56,74,5.80000019073486,91,9,17.6,6.8,2.85622980508996,7.59999990463257,2.47296172028069,1.35965253016648,0.859375,15,0,4.1339103958301,5.4,0.033103079
"406",49.910985,20.113343,-3.24352841825935,6.8,650,30,21,16,17,-0.435955168541821,260,2.7160033436348,72,0,0,0,0.301029995663981,2.10720996964787,0.920397913485758,4.40000009536743,2.25598609168525,2.31306535481351,839,1.66275783168157,10,2.959518376973,2.84984428621499,310,12,1.86923171973098,66,3.34253692626953,9.2,40,44,7,27,56,74,5.59999990463257,91,9,17.6,6.8,2.85622980508996,7.90000009536743,2.47296172028069,1.35965253016648,-5.671875,15,0,4.1339103958301,6.4,0.035829965
"407",49.906734,20.145963,-2.01821026344603,6.6,642,28,22,16,25,-0.464831674395881,241.4375,2.78532983501077,64,0,0,0,0.278753600952829,2.10720996964787,0.928030145471207,4.30000019073486,2.30391927903958,2.30243916406986,821,1.63346845557959,10,3.01911629044707,2.97180030444219,278,11,1.50514997831991,65,2.03189945220947,8.4,40,44,4,26,52,68,5.90000009536743,89,9.5,18.3,7,2.85622980508996,7.5,2.47296172028069,1.35965253016648,-0.8359375,14,0,4.1339103958301,6.4,0.130112996
"408",35.527458,138.655997,-3.06620304373828,8.7,938,48,25,13,6,-1.94135724548433,991.625,3.68015414173437,75,1.07918124604762,4,2,0.0413926851582251,1.44715803134222,-0.365081786951246,5.59999990463257,2.63805074765223,2.61789946931552,1575,1.89209460269048,0,2.60097289568675,3.06134728565358,966,39,2.30102999566398,33,18.2753963470459,14.8,41,46,12,8,89,100,5.5,99,8.6,24.4,10,2.89180340130836,5.80000019073486,2.50770635175989,1.27825153725071,-9.9296875,23,0,4.25088498496426,7.2,0.029068446
"409",35.825342,138.526582,-2.96011284494086,7.6,867,38,24,12,5,-1.69576709964141,1187.5625,3.47290265180366,98,0.602059991327962,0,0,0,0,-0.42380293014825,5.59999990463257,1.13184313080469,1.94820261458899,1657,1.89209460269048,0,2.4456042032736,1.87202217455645,844,37,2.70842090013471,36,11.1789093017578,16,43,46,12,9,115,100,5.5,100,4,19.9,7.4,2.89180340130836,5.80000019073486,2.50770635175989,1.27825153725071,2.0078125,0,0,4.25088498496426,5.6,0.038538173
"410",35.825661,138.520478,-2.54956604863099,8.9,867,38,23,12,5,-1.66749557380129,1079.625,3.47290265180366,98,0.602059991327962,0,0,0,0,-0.411535056483733,5.40000009536743,1.13184313080469,1.94820261458899,1657,1.89209460269048,0,2.4456042032736,1.87202217455645,844,38,2.70842090013471,36,7.50236558914185,16,43,46,12,9,115,100,5.59999990463257,100,4,19.9,7.4,2.89180340130836,5.59999990463257,2.50770635175989,1.27825153725071,-10.1484375,0,0,4.25088498496426,5.8,0.064027996
"411",35.859703,138.56855,-5.25840881308807,7.1,867,38,26,12,5,-1.73374792855816,1365.4375,3.47290265180366,98,0.602059991327962,0,0,0,0,-0.418879652723043,5.80000019073486,1.13184313080469,1.94820261458899,1657,1.89209460269048,0,2.4456042032736,1.87202217455645,844,38,2.70842090013471,33,11.1555109024048,16,43,46,12,9,115,100,5.40000009536743,100,4,19.9,7.4,2.89180340130836,6.30000019073486,2.50770635175989,1.27825153725071,-11.59375,0,0,4.25088498496426,4.9,-0.002493431
"412",-23.1809,-44.1944667,-3.07533572438161,19.6,1265,74,26,25,0,NA,219.4375,2.59769518592551,70,1.98677173426624,0,0,0,0,NA,4.59999990463257,0.794348603896083,1.59529776784344,1600,1.74036268949424,0,1.27875360095283,1.20479803819085,752,49,2.78958071216443,22,21.8643703460693,10.7,26,49,0,0,56,75,5.19999980926514,88,20.2,25.6,23.3,NA,3.5,NA,NA,-5.4296875,0,0,NA,20.3,-0.003709714
"413",-23.1836167,-44.19405,-2.54335024676919,19,1265,74,16,25,0,NA,50.3125,2.59769518592551,70,1.98677173426624,0,0,0,0,NA,4.69999980926514,0.794348603896083,1.59529776784344,1600,1.74036268949424,0,1.27875360095283,1.20479803819085,752,46,2.78958071216443,24,11.3629245758057,10.7,26,49,0,0,56,75,5.19999980926514,88,20.2,25.6,23.3,NA,3.29999995231628,NA,NA,-12.3671875,0,0,NA,20.4,0.042672408
"414",-23.1822167,-44.2022833,-2.50770406739544,19.6,1265,74,27,25,0,NA,334,2.59769518592551,70,1.98677173426624,0,0,0,0,NA,4.5,0.794348603896083,1.59529776784344,1600,1.74036268949424,0,1.27875360095283,1.20479803819085,752,51,2.78958071216443,19,18.3644428253174,10.7,26,49,0,0,56,75,5.09999990463257,88,20.2,25.6,23.3,NA,3.59999990463257,NA,NA,4.625,0,0,NA,20.4,0.031510371
"415",-23.18655,-44.1998833,-2.62888904033854,19.6,1265,74,16,25,0,NA,50.3125,2.59769518592551,70,1.98677173426624,0,0,0,0,NA,4.69999980926514,0.794348603896083,1.59529776784344,1600,1.74036268949424,0,1.27875360095283,1.20479803819085,752,46,2.78958071216443,24,11.3629245758057,10.7,26,49,0,0,56,75,5.19999980926514,88,20.2,25.6,23.3,NA,3.29999995231628,NA,NA,-12.3671875,0,0,NA,20.8,0.050414001
"416",39.2950222,-86.7300333,-2.75216982997191,8,814,27,21,24,51,-1.90747188897487,216.25,3.71197585435176,22,1.41497334797082,0,62,0.176091259055681,2.6170003411209,-1.07054825668595,4.19999980926514,3.24167271643548,2.36477793230352,1018,1.96848294855394,4,3.33264041038746,4.38948380077597,395,12,1.65321251377534,65,2.82478189468384,0.8,49,27,0,8,24,73,5.5,82,6.2,23.7,10.6,3.07828449792904,5.5,2.47296172028069,1.09647717451639,-0.6953125,21,0,4.61914044431926,7.4,0.058471098
"417",39.3070806,-86.7188417,-4.24223109286319,7.7,814,27,23,24,51,-1.91498170054955,215.375,3.71197585435176,22,1.41497334797082,0,62,0.176091259055681,2.6170003411209,-1.06981867425105,4.19999980926514,3.24167271643548,2.36477793230352,1018,1.96848294855394,4,3.33264041038746,4.38948380077597,395,11,1.65321251377534,63,1.87371110916138,0.8,49,27,0,8,24,73,5.5,82,6.2,23.7,10.6,3.07828449792904,5.40000009536743,2.47296172028069,1.09647717451639,-1.359375,21,0,4.61914044431926,6.8,0.007616078
"418",39.3200528,-86.4491944,-4.80755703097058,8.9,809,27,23,24,54,-1.93076069993808,243.6875,3.73054003647712,15,1.44715803134222,0,62,0.176091259055681,2.55022835305509,-1.06592905094857,4.09999990463257,3.22754453082552,2.39924267367098,1010,1.95904139232109,3,3.3714373174041,4.30449750745015,385,10,1.32221929473392,64,3.00526165962219,0.6,49,26,0,8,23,72,5.19999980926514,81,6.2,23.7,10.5,3.07828449792904,5.5,2.47296172028069,1.09647717451639,-3.3828125,23,0,4.61914044431926,6.9,-0.000126869999999999
"419",39.31915,-86.4431722,-4.69643200148866,9.4,809,27,23,24,54,-1.93076069993808,243.6875,3.73054003647712,15,1.44715803134222,0,62,0.176091259055681,2.55022835305509,-1.06592905094857,4.09999990463257,3.22754453082552,2.39924267367098,1010,1.95904139232109,3,3.3714373174041,4.30449750745015,385,10,1.32221929473392,64,3.00526165962219,0.6,49,26,0,8,23,72,5.19999980926514,81,6.2,23.7,10.5,3.07828449792904,5.5,2.47296172028069,1.09647717451639,-3.3828125,23,0,4.61914044431926,6.9,0.001440473
"420",40.0647972,-8.3015139,-2.66383047979869,10.9,687,23,21,19,4,-0.748812415484053,404.125,2.79448804665917,96,0.301029995663981,3,0,0,0,0.331260045550401,4.09999990463257,1.29143545492712,1.92115563577708,1020,2.13353890837022,2,2.82865989653532,2.10337947825449,474,46,2.13987908640124,31,16.7254695892334,9.5,35,47,8,5,41,62,5.80000019073486,72,12,21.8,15,2.43339747473438,5.5,2.59571394365964,0.645216792046144,10.34375,1,0,4.42551380359485,10.1,0.062811824
"421",40.0684444,-8.2113056,-5.56884580739277,10.6,684,23,15,15,1,-1.41016612896276,707.5,3.00086772153123,99,0,1,0,0,0,-0.907755195461773,4.30000019073486,1.33427275740716,1.69986373074626,1162,2.14612803567824,3,2.81224469680037,2.53118247377422,500,52,2.19033169817029,32,17.6310138702393,15.2,34,51,12,8,56,63,5.19999980926514,76,11.7,21.9,13.7,2.43339747473438,6.80000019073486,2.59571394365964,0.645216792046144,-17.15625,3,0,4.42551380359485,9.4,0.00157331
"422",40.0788194,-8.2083583,-5.04307191930087,10.1,684,23,19,15,1,-1.41016612896276,596.125,3.00086772153123,99,0,1,0,0,0,-0.907755195461773,4.19999980926514,1.33427275740716,1.69986373074626,1162,2.14612803567824,3,2.81224469680037,2.53118247377422,500,49,2.19033169817029,29,15.078821182251,15.2,34,51,12,8,56,63,5.30000019073486,76,11.7,21.9,13.7,2.43339747473438,7.09999990463257,2.59571394365964,0.645216792046144,-2.984375,3,0,4.42551380359485,9.4,0.004337043
"423",40.0896167,-8.2013194,-3.847272178704,10.4,684,23,17,15,1,-1.25083583322397,618.875,3.00086772153123,99,0,1,0,0,0,-0.835701807118738,4.19999980926514,1.33427275740716,1.69986373074626,1162,2.14612803567824,3,2.81224469680037,2.53118247377422,500,51,2.19033169817029,30,14.2407646179199,15.2,34,51,12,8,56,63,5.30000019073486,76,11.7,21.9,13.7,2.43339747473438,7.30000019073486,2.59571394365964,0.645216792046144,1.578125,3,0,4.42551380359485,9.8,0.01804855
"424",33.794982,-79.013281,-3.33642282275869,17,1063,41,2,19,14,-1.26323422613152,12.125,2.85913829729453,58,1.20411998265592,1,0,0.278753600952829,1.86923171973098,0.227426041829442,NA,2.15955215507569,1.58181317361987,1281,1.92427928606188,1,2.57978359661681,3.74593752398964,453,NA,0.602059991327962,NA,0.0345845967531204,0.3,33,48,2,1,50,85,NA,83,9,26.7,16.8,2.78382664481056,NA,2.31597031344335,0.749779868507449,-0.109375,1,43,4.67137989720973,16.2,0.026529203
"425",33.785761,-79.036187,-5.24706110284611,16.1,1063,41,13,19,14,-1.31687304817387,7.6875,2.85913829729453,58,1.20411998265592,1,0,0.278753600952829,1.86923171973098,-0.807818848475736,4.59999990463257,2.15955215507569,1.58181317361987,1281,1.92427928606188,1,2.57978359661681,3.74593752398964,453,70,0.602059991327962,16,0.447230637073517,0.3,33,48,2,1,50,85,4.80000019073486,83,9,26.7,16.8,2.78382664481056,8,2.31597031344335,0.749779868507449,0.15625,1,43,4.67137989720973,16.2,-0.016486799
"426",33.785393,-79.031565,-3.05024256852248,16.1,1063,41,9,19,14,-1.31687304817387,7.75,2.85913829729453,58,1.20411998265592,1,0,0.278753600952829,1.86923171973098,-0.807818848475736,4.69999980926514,2.15955215507569,1.58181317361987,1281,1.92427928606188,1,2.57978359661681,3.74593752398964,453,71,0.602059991327962,17,0.557332813739777,0.3,33,48,2,1,50,85,4.80000019073486,83,9,26.7,16.8,2.78382664481056,7.69999980926514,2.31597031344335,0.749779868507449,-0.5390625,1,43,4.67137989720973,16.2,0.031913636
"427",33.802572,-78.874103,-4.88552199061951,14.8,1068,42,14,10,2,NA,11.1875,2.62428209583567,63,1.49136169383427,0,0,0.0413926851582251,0,NA,4.5,1.83372705928607,2.45750039748179,1298,1.91381385238372,0,3.7346398389877,1.97640500755257,458,62,0.845098040014257,22,0.194775432348251,0.1,25,65,4,1,52,88,4.69999980926514,86,8.9,26.5,17.3,NA,8,NA,NA,-0.125,37,59,NA,14.9,-0.002613389
"428",45.64032,-111.03074,-2.83021393677893,5.4,529,23,26,15,20,-1.4600505569795,1528.6875,2.82216807936802,81,0,4,32,0.0413926851582251,0.301029995663981,-0.534482426956243,4.90000009536743,1.12001425207807,1.95707067141911,636,1.67209785793572,6,2.73957234445009,1.65561858354122,223,22,2.30749603791321,48,1.07502520084381,13.5,34,51,28,42,44,50,6.59999990463257,67,4.5,15.1,3,2.56550981901919,5.5,2.7022984798527,0.681924629344811,-0.3046875,8,0,4.52091831058099,4.2,0.056930682
"429",45.441018,-111.228147,-3.26507608448764,4.4,536,23,24,10,1,-1.56567925478435,1715.25,3.26458172923808,96,0,0,50,0,0.301029995663981,-1.57842806642383,4.30000019073486,0.550595207489328,0.372912002970107,698,1.68124123737559,11,1.69897000433602,3.28779098436681,220,36,2.67024585307412,38,11.192195892334,15,36,54,41,52,45,57,6.19999980926514,78,2.2,12.5,-0.1,2.56550981901919,5.5,2.56096933717349,0.681924629344811,-10.1796875,0,0,4.52091831058099,3.2,0.036145161
"430",45.223194,-111.239819,-5.8829535195288,2.1,533,22,22,10,1,-1.86209951711988,1956.625,3.25959387888595,94,0,0,35,0,0.301029995663981,-0.687302142174133,4.69999980926514,0.132899769944483,0.119585774961784,698,1.66275783168157,13,1.61278385671974,2.94977240776241,244,35,2.48572142648158,40,10.2998867034912,13,37,53,30,52,44,53,6.19999980926514,78,2.5,13.2,-0.4,2.56550981901919,5.80000019073486,2.56096933717349,0.681924629344811,-3.59375,0,0,4.52091831058099,1.1,0.001253498
"431",45.269176,-111.320714,-6.15499292710599,2.3,536,23,24,9,1,-1.700167352124,1982.875,3.26126286879249,96,0,0,77,0,0,-0.451301843545922,4.19999980926514,0.460597188897601,1.00915333190771,693,1.66275783168157,17,1.82607480270083,1.77094033374161,224,35,2.56466606425209,39,4.74147844314575,14.1,36,55,33,53,39,57,6.09999990463257,78,1.8,12.1,-0.1,2.56550981901919,4.69999980926514,2.56096933717349,0.681924629344811,-2.1015625,0,0,4.52091831058099,2.4,-0.000503396
"432",57.1251889,-135.3529972,-3.03831433692041,NA,511,47,9,14,0,NA,53.9375,2.61489721603313,61,1.96848294855394,0,0,0,0,NA,5.59999990463257,0.992376759798803,2.11442415072449,2338,2.4456042032736,0,3.41780372263988,1.77164626464988,2795,50,2.79588001734408,39,8.96929836273193,6.5,34,51,19,29,130,100,4.59999990463257,100,9.7,12,5.8,1.90520261270141,4.90000009536743,2.59571394365964,0.105793763803886,-11.9375,4,0,4.43674196980413,5.7,0.043399442
"433",57.1302917,-135.3579306,-5.30249186766601,6.6,511,47,9,14,0,NA,53.9375,2.61489721603313,61,1.96848294855394,0,0,0,0,NA,5.59999990463257,0.992376759798803,2.11442415072449,2338,2.4456042032736,0,3.41780372263988,1.77164626464988,2795,50,2.79588001734408,39,8.96929836273193,6.5,34,51,19,29,130,100,4.59999990463257,100,9.7,12,5.8,1.90520261270141,4.90000009536743,2.59571394365964,0.105793763803886,-11.9375,4,0,4.43674196980413,5.8,0.003262607
"434",33.934071,132.897478,-5.0660764421051,8.9,964,47,27,15,5,-1.6803455106097,636.6875,3.61815273337852,80,0.602059991327962,14,0,0.113943352306837,1.14612803567824,-0.56194710023452,6,2.15685190107001,3.07358675934124,1683,1.83884909073726,0,2.76192783842053,1.8326940870465,812,37,2.29666519026153,33,10.3825674057007,12.3,37,48,14,12,63,100,5,99,10.4,25.3,13.6,2.86069594430465,5.30000019073486,2.47296172028069,0.98683786067542,-1.1875,25,0,4.51119120453584,7.5,-0.011565018
"435",33.932101,132.910187,-4.39256492794308,9.2,964,47,27,15,5,-1.77374631678918,656.375,3.61815273337852,80,0.602059991327962,14,0,0.113943352306837,1.14612803567824,-0.544613830394959,5.80000019073486,2.15685190107001,3.07358675934124,1683,1.83884909073726,0,2.76192783842053,1.8326940870465,812,38,2.29666519026153,33,7.78743362426758,12.3,37,48,14,12,63,100,5,99,10.4,25.3,13.6,2.86069594430465,5.40000009536743,2.47296172028069,0.98683786067542,-6.3671875,25,0,4.51119120453584,7.4,0.009306481
"436",33.921034,132.909194,-4.03510269361546,9.2,964,47,27,15,5,-1.77374631678918,663,3.61815273337852,80,0.602059991327962,14,0,0.113943352306837,1.14612803567824,-0.544613830394959,5.90000009536743,2.15685190107001,3.07358675934124,1683,1.83884909073726,0,2.76192783842053,1.8326940870465,812,37,2.29666519026153,34,8.43253517150879,12.3,37,48,14,12,63,100,5,99,10.4,25.3,13.6,2.86069594430465,5.5,2.47296172028069,0.98683786067542,-3.2890625,25,0,4.51119120453584,7.3,0.013034862
"437",33.916005,132.908928,-4.21757377642241,9.7,964,47,26,15,5,-1.77374631678918,691.375,3.61815273337852,80,0.602059991327962,14,0,0.113943352306837,1.14612803567824,-0.544613830394959,6,2.15685190107001,3.07358675934124,1683,1.83884909073726,0,2.76192783842053,1.8326940870465,812,37,2.29666519026153,34,9.47831153869629,12.3,37,48,14,12,63,100,4.90000009536743,99,10.4,25.3,13.6,2.86069594430465,5.5,2.47296172028069,0.98683786067542,-3.96875,25,0,4.51119120453584,7.5,0.010934807
"438",30.1181417,118.0239425,-4.83837253278754,NA,996,34,22,19,11,-1.88945335765945,340.75,3.3055663135153,100,0.778151250383644,10,100,0,0,-0.574690575527238,4.40000009536743,0.695306522431803,1.59028440371816,1652,1.66275783168157,3,2.13033376849501,2.0648509228019,1384,40,2.29225607135648,36,5.65329456329346,18.1,37,44,14,4,48,97,5.5,98,4.4,26.4,14.7,3.5226812771841,3.5,2.27818178456752,1.85277623049243,-8.9453125,0,0,4.30723816759828,NA,0.00578802
"439",30.1175208,117.9866878,-2.70551488772698,NA,996,34,23,19,11,-1.78178001070369,358.25,3.3055663135153,100,0.778151250383644,10,100,0,0,0.356330402919318,4.5,0.695306522431803,1.59028440371816,1652,1.66275783168157,3,2.13033376849501,2.0648509228019,1384,39,2.29225607135648,35,10.5428352355957,18.1,37,44,14,4,48,97,5.5,98,4.4,26.4,14.7,3.5226812771841,3.70000004768372,2.27818178456752,1.85277623049243,-7.0703125,0,0,4.30723816759828,NA,0.064727163
"440",30.1154836,118.0572664,-3.02979944584056,NA,985,33,22,17,18,-1.67258993926761,448.75,3.56820172406699,98,1,12,77,0.255272505103306,0,-0.491060686116971,5,1.18582535961296,1.79851253303135,1654,1.66275783168157,3,2.42160392686983,2.67626092828577,1390,40,2.3654879848909,35,13.1799974441528,18,37,45,0,0,46,97,5.19999980926514,98,4.2,26.2,14.5,3.5226812771841,3.70000004768372,2.27818178456752,1.85277623049243,0.7890625,0,2,4.30723816759828,NA,0.045291972
"441",30.1155558,118.0876481,-3.3127277634233,NA,985,33,22,17,18,-1.84053544679148,444.75,3.56820172406699,98,1,12,77,0.255272505103306,0,-0.621408498270846,5,1.18582535961296,1.79851253303135,1654,1.66275783168157,3,2.42160392686983,2.67626092828577,1390,41,2.3654879848909,35,13.7923727035522,18,37,45,0,0,46,97,5.09999990463257,98,4.2,26.2,14.5,3.5226812771841,3.79999995231628,2.27818178456752,1.85277623049243,-12.8671875,0,2,4.30723816759828,NA,0.032342651
"442",-0.677893,-77.74234997,-3.10667239295712,20,1441,130,34,30,22,-2.48765975911077,1254.9375,3.45757914699576,48,0,0,0,0,0,-0.874559423906217,6.09999990463257,0.364363354615731,0.734879802792628,3171,2.32014628611105,69,1.56820172406699,2.56023072942706,2359,33,2.69983772586725,30,16.3017539978027,16.7,36,34,0,4,74,100,4.80000019073486,99,18.6,19.1,16.9,2.83251542252167,6.40000009536743,2.47296172028069,1.14637482153739,-11.515625,0,0,4.32347372189089,NA,-0.047294279
"443",-0.681425,-77.74147221,-2.40446250393232,20,1441,130,34,30,22,-2.48765975911077,1371.0625,3.45757914699576,48,0,0,0,0,0,-0.874559423906217,6.19999980926514,0.364363354615731,0.734879802792628,3171,2.32014628611105,69,1.56820172406699,2.56023072942706,2359,33,2.69983772586725,29,18.9473438262939,16.7,36,34,0,4,74,100,4.80000019073486,99,18.6,19.1,16.9,2.83251542252167,6.5,2.47296172028069,1.14637482153739,13.25,0,0,4.32347372189089,NA,-0.175287179
"444",-0.683188,-77.73934565,-2.4013665978817,20.1,1441,130,34,30,22,-2.48765975911077,1371.0625,3.45757914699576,48,0,0,0,0,0,-0.874559423906217,6.19999980926514,0.364363354615731,0.734879802792628,3171,2.32014628611105,69,1.56820172406699,2.56023072942706,2359,33,2.69983772586725,29,18.9473438262939,16.7,36,34,0,4,74,100,4.80000019073486,99,18.6,19.1,16.9,2.83251542252167,6.5,2.47296172028069,1.14637482153739,13.25,0,0,4.32347372189089,NA,-0.022614149
"445",-0.68382,-77.73983077,-2.21601711512461,NA,1441,130,34,30,22,-2.48765975911077,1170.5,3.45757914699576,48,0,0,0,0,0,-0.874559423906217,6.09999990463257,0.364363354615731,0.734879802792628,3171,2.32014628611105,69,1.56820172406699,2.56023072942706,2359,33,2.69983772586725,29,8.97219181060791,16.7,36,34,0,4,74,100,4.90000009536743,99,18.6,19.1,16.9,2.83251542252167,6.19999980926514,2.47296172028069,1.14637482153739,-7.7578125,0,0,4.32347372189089,21.2,-0.028569169
"446",69.659851,18.555845,-4.67137783267434,4,301,21,7,11,0,-1.14772266194919,161.8125,3.44978684698577,63,1.91381385238372,0,0,0.146128035678238,1.64345267648619,-0.368147597242808,5.80000019073486,1.0814913285257,1.51121470113639,916,1.95424250943932,0,2.56820172406699,2.12605344164358,1101,57,2.6570558528571,36,6.12890529632568,15.4,35,54,23,53,119,94,5.5,96,5.7,10.6,1.6,NA,8,NA,NA,-10.5703125,0,0,NA,3.5,0.001253416
"447",69.670212,18.623302,-4.79001303857869,3.6,301,21,6,11,0,-1.05787540919349,189.1875,3.44978684698577,63,1.91381385238372,0,0,0.146128035678238,1.64345267648619,-0.172648375680008,5.90000009536743,1.0814913285257,1.51121470113639,916,1.95424250943932,0,2.56820172406699,2.12605344164358,1101,58,2.6570558528571,35,4.42591047286987,15.4,35,54,23,53,119,94,5.30000019073486,96,5.7,10.6,1.6,NA,8,NA,NA,-3.1484375,0,0,NA,2.3,-0.001450035
"448",69.767959,18.816131,-4.62316757171379,4.2,301,21,6,11,0,-1.14614740528597,76.9375,3.44978684698577,63,1.91381385238372,0,0,0.146128035678238,1.64345267648619,-0.303147184097204,5.40000009536743,1.0814913285257,1.51121470113639,916,1.95424250943932,0,2.56820172406699,2.12605344164358,1101,61,2.6570558528571,32,4.01175260543823,15.4,35,54,23,53,119,94,5.30000019073486,96,5.7,10.6,1.6,NA,9.19999980926514,NA,NA,-4.6328125,0,0,NA,3,-0.005089255
"449",69.741461,18.878004,-4.91938023427942,NA,301,21,6,11,0,-1.19517506342308,204.5625,3.44978684698577,63,1.91381385238372,0,0,0.146128035678238,1.64345267648619,-0.288846304597753,5.69999980926514,1.0814913285257,1.51121470113639,916,1.95424250943932,0,2.56820172406699,2.12605344164358,1101,58,2.6570558528571,35,7.65133428573608,15.4,35,54,23,53,119,94,5.40000009536743,96,5.7,10.6,1.6,NA,8.5,NA,NA,-7.3828125,0,0,NA,3.2,-0.003224541
"450",32.3572222,-81.8566667,-4.48964427349653,19.2,1017,65,16,20,44,-1.23861676761562,55.375,3.70859084515034,7,0,7,100,0.113943352306837,0.602059991327962,0.0746889398996476,4.30000019073486,1.04536210265335,1.43912734244285,1203,1.79934054945358,3,2.62838893005031,2.33918899647937,428,68,1.25527250510331,14,0.744230508804321,0.8,35,46,0,0,23,63,5,72,19.1,27.4,18.5,2.70973522550509,4.69999980926514,2.27818178456752,1.01136286182719,0.59375,0,37,4.33570548458451,18.5,0.004425913
"451",32.8308333,-81.5905556,-2.72727332714168,18.3,991,64,27,17,21,-1.31984736643407,43.4375,3.25042000230889,49,0,4,14,0.0413926851582251,0.778151250383644,-0.97936237422137,4.69999980926514,1.60683262484889,1.28352736486169,1181,1.80617997398389,3,2.40823996531185,3.53122695316616,396,39,0.845098040014257,31,1.39485776424408,1.3,33,50,0,0,23,61,4.90000009536743,72,18.5,27.3,17.3,2.70973522550509,5.19999980926514,2.27818178456752,1.01136286182719,0.765625,1,15,4.33570548458451,17.7,0.059849889
"452",32.4483333,-81.9558333,-4.15717561391565,17.4,1017,64,15,20,41,-1.24438232012271,57.3125,3.6959192528314,8,0,7,100,0.0791812460476248,0.477121254719662,0.0761917817959279,4.40000009536743,0.978500069311459,1.44729760356707,1203,1.80617997398389,2,2.6222140229663,2.10763726800207,435,68,1.25527250510331,16,0.69351726770401,0.9,35,46,0,0,22,61,4.80000019073486,72,18.9,27.3,18.5,2.70973522550509,4.19999980926514,2.27818178456752,1.01136286182719,-0.6640625,0,37,4.33570548458451,17.2,0.001965876
"453",32.4483333,-82.0616667,-4.8706444214059,17.6,1007,62,18,19,36,-1.2686982267824,57.375,3.50338206347373,11,0,6,100,0.0413926851582251,0.301029995663981,0.0372171406717711,4.5,0.594944736695083,1.07401144600894,1191,1.81291335664286,2,2.28555730900777,2.11635865050169,434,59,1.27875360095283,20,0.659453868865967,1,35,46,0,0,19,59,4.80000019073486,71,18.7,27.2,18.3,2.70973522550509,3.79999995231628,2.27818178456752,1.01136286182719,-0.578125,0,2,4.33570548458451,17.4,-0.000874637
"454",-4.0849944,-79.8221944,-2.31979828357712,NA,923,69,30,22,6,-1.96466815753578,874.4375,4.24541395330483,21,0.301029995663981,6,0,0,0,-0.629334080508952,NA,1.13357084061404,1.45584943185815,1242,0.778151250383644,23,2.67117284271508,2.49258440126897,351,43,2.76863810124761,24,7.51588582992554,16.8,25,52,0,0,30,56,6.59999990463257,57,20.2,20.7,20.5,2.65806005363498,2.09999990463257,2.97313230904768,1.04047715544829,-7.3203125,0,0,4.25491601909329,NA,0.030094618
"455",-4.1478222,-79.8509889,-2.15034531492,23.9,848,68,30,23,10,-1.81559559609543,776.75,4.32118402730231,19,0,4,0,0,0,-0.525730131650139,NA,2.08926555700764,1.54698660131418,1049,0.778151250383644,24,2.54032947479087,3.89267666817276,327,43,2.62531245096167,23,12.1766033172607,19.4,23,54,0,0,31,54,6.59999990463257,57,20.8,21.4,18.7,2.65806005363498,2.09999990463257,2.97313230904768,1.04047715544829,-9.8359375,1,0,4.25491601909329,24.3,0.10790578
"456",0.0329139,-76.9713944,-2.49255669289279,21.6,1264,118,43,20,1,-2.33619475088232,327.625,3.45147940512486,70,0,0,10,0,0,-0.899508304084181,6,1.72693086412147,1.123818986019,2048,2.52113808370404,4,2.07554696139253,4.08884219126737,2324,21,1.41497334797082,32,0.779437303543091,18.2,36,45,0,2,61,100,4.69999980926514,91,24,25.1,16.9,2.83251542252167,4.80000019073486,2.50770635175989,1.14637482153739,-0.015625,0,24,4.32347372189089,21.2,0.009504637
"457",0.018075,-76.9699278,-2.27034151933797,22.7,1264,118,42,20,1,-2.33619475088232,325.9375,3.45147940512486,70,0,0,10,0,0,-0.899508304084181,6,1.72693086412147,1.123818986019,2048,2.52113808370404,4,2.07554696139253,4.08884219126737,2324,21,1.41497334797082,32,0.61042308807373,18.2,36,45,0,2,61,100,4.69999980926514,91,24,25.1,16.9,2.83251542252167,4.90000009536743,2.50770635175989,1.14637482153739,-1.0859375,0,24,4.32347372189089,22.1,0.099981309
"458",-0.1043667,-77.0265472,-4.80068069591546,23.7,1636,118,41,29,5,-2.20320942175339,348.6875,2.78604121024255,26,0,0,0,0,0,-0.987387795964335,5.80000019073486,0.504198918539445,1.25645314493904,3606,2.54406804435028,14,2.29003461136252,2.12436726353865,2396,24,1.46239799789896,31,0.730821907520294,1,31,40,0,0,32,100,4.69999980926514,100,24,25.1,24.4,2.83251542252167,4.80000019073486,2.47296172028069,1.14637482153739,-0.546875,0,0,4.32347372189089,25.1,0.005005233
"459",-0.1732917,-76.9973806,-1.72732836760975,21,1638,117,44,30,16,-2.27172823513163,335.375,2.58883172559421,22,0,0,0,0.0413926851582251,0,-0.897527762658132,6,0.867113779831977,1.54286275725864,3561,2.5327543789925,37,2.55022835305509,2.57483657119547,2463,20,1.39794000867204,31,0.486159980297089,0.9,31,39,0,0,27,100,4.69999980926514,100,24,25.2,24.5,2.83251542252167,5.09999990463257,2.50770635175989,1.14637482153739,-0.28125,0,0,4.32347372189089,21.5,0.135245353
"460",38.900133,-76.566115,-4.8597061120109,NA,842,71,24,14,10,-1.16355737314371,30.3125,2.52244423350632,83,1.99122607569249,0,0,0.0791812460476248,0.301029995663981,0.227719730386649,4.30000019073486,2.1279401733462,2.77682462808485,1068,1.94939000664491,1,4.09447112864164,1.67503555803808,514,30,1.54406804435028,44,0.951493442058563,1.1,32,53,0,5,75,65,4.90000009536743,82,20.5,25,13.3,2.79420397963528,6.19999980926514,2.31597031344335,0.94168156003936,0.6328125,31,17,4.48985554050254,NA,0.000939755
"461",38.896192,-76.561593,-4.5598810002409,NA,842,71,22,14,10,-1.16355737314371,24.5,2.52244423350632,83,1.99122607569249,0,0,0.0791812460476248,0.301029995663981,0.227719730386649,4.19999980926514,2.1279401733462,2.77682462808485,1068,1.94939000664491,1,4.09447112864164,1.67503555803808,514,31,1.54406804435028,44,1.4345543384552,1.1,32,53,0,5,75,65,4.69999980926514,82,20.5,25,13.3,2.79420397963528,6.30000019073486,2.31597031344335,0.94168156003936,0.5234375,31,17,4.48985554050254,NA,0.0074772
"462",38.890213,-76.565283,-2.74118681955185,NA,842,71,21,14,10,-1.16355737314371,15.375,2.52244423350632,83,1.99122607569249,0,0,0.0791812460476248,0.301029995663981,0.227719730386649,4.40000009536743,2.1279401733462,2.77682462808485,1068,1.94939000664491,1,4.09447112864164,1.67503555803808,514,33,1.54406804435028,43,1.0787228345871,1.1,32,53,0,5,75,65,4.59999990463257,82,20.5,25,13.3,2.79420397963528,5.90000009536743,2.31597031344335,0.94168156003936,-0.453125,31,17,4.48985554050254,NA,0.059316536
"463",38.888142,-76.566013,-2.55051688740858,NA,842,71,21,14,10,-1.16355737314371,15.375,2.52244423350632,83,1.99122607569249,0,0,0.0791812460476248,0.301029995663981,0.227719730386649,4.40000009536743,2.1279401733462,2.77682462808485,1068,1.94939000664491,1,4.09447112864164,1.67503555803808,514,33,1.54406804435028,43,1.0787228345871,1.1,32,53,0,5,75,65,4.59999990463257,82,20.5,25,13.3,2.79420397963528,5.90000009536743,2.31597031344335,0.94168156003936,-0.453125,31,17,4.48985554050254,NA,0.073760812
"464",24.76606,121.58664,-1.97333454151091,18.3,995,74,30,28,4,-1.81564853239679,698.5625,3.34498141392726,99,0.698970004336019,2,0,0,0,-0.131621635395416,6.40000009536743,0.641969597702059,1.31433078252087,3027,2.20139712432045,0,2.17318626841227,2.05636355083867,1487,26,2.79028516403324,40,7.18106031417847,23.9,33,39,0,0,32,100,5,100,13.2,21.8,16.7,3.10558534445869,4.59999990463257,2.59571394365964,1.5477485423189,-10.875,0,0,4.19516992304639,18.5,0.102994052
"465",24.76852,121.60186,-2.09474778280829,17.8,1017,82,29,25,8,-1.8627217721257,852.0625,3.65166560392294,84,1.11394335230684,6,0,0,0,-0.121329190439591,6.69999980926514,1.77243173361585,1.88138465677057,2850,2.20951501454263,1,3.09898963940118,3.13837060072212,1563,28,2.20951501454263,40,11.9603004455566,21,35,39,0,0,33,100,5,100,17.2,26.7,17.1,3.10558534445869,5.19999980926514,2.59571394365964,1.5477485423189,-11.375,8,0,4.19516992304639,18.4,0.022220304
"466",24.757452,121.57346,-2.10593586096939,18.7,995,74,31,28,4,-1.80191863314191,644.0625,3.34498141392726,99,0.698970004336019,2,0,0,0,-0.131986762833628,6.09999990463257,0.641969597702059,1.31433078252087,3027,2.20139712432045,0,2.17318626841227,2.05636355083867,1487,26,2.79028516403324,40,9.6067361831665,23.9,33,39,0,0,32,100,5,100,13.2,21.8,16.7,3.10558534445869,4.09999990463257,2.59571394365964,1.5477485423189,-7.9140625,0,0,4.19516992304639,19.1,0.076016295
"467",24.758251,121.60513,-2.28681567640391,18.6,1017,82,30,25,8,-1.52271947763166,553.9375,3.65166560392294,84,1.11394335230684,6,0,0,0,-0.217187228024496,6.30000019073486,1.77243173361585,1.88138465677057,2850,2.20951501454263,1,3.09898963940118,3.13837060072212,1563,26,2.20951501454263,40,13.7549018859863,21,35,39,0,0,33,100,4.90000009536743,100,17.2,26.7,17.1,3.10558534445869,4.30000019073486,2.59571394365964,1.5477485423189,-16.5390625,8,0,4.19516992304639,18.7,0.015380253
"468",42.85313,-112.45033,-5.86978829984445,NA,343,12,16,20,27,-1.62795241438339,1400.75,2.88930170250631,50,0,8,69,0.0791812460476248,1.68124123737559,-0.325235007435572,2.59999990463257,1.62337335681266,1.13401764567598,397,1.41497334797082,26,2.27875360095283,3.56368702978648,151,27,2.39967372148104,53,4.67327928543091,8.3,43,37,1,29,27,20,7.5,38,7.4,19.4,5.4,2.40824939417346,2.59999990463257,2.56096933717349,0.695783918569872,-0.515625,1,1,4.3497985965102,NA,0.000459916
"469",42.79242,-112.43019,-2.65518217700258,NA,343,12,20,20,27,-1.80191058438709,1603.6875,2.88930170250631,50,0,8,69,0.0791812460476248,1.68124123737559,-0.493627186472949,3.5,1.62337335681266,1.13401764567598,397,1.41497334797082,26,2.27875360095283,3.56368702978648,151,28,2.39967372148104,49,4.54057836532593,8.3,43,37,1,29,27,20,7.09999990463257,38,7.4,19.4,5.4,2.40824939417346,4,2.56096933717349,0.695783918569872,-0.703125,1,1,4.3497985965102,NA,0.064548043
"470",42.79827,-112.38396,-2.82137266242858,NA,349,14,22,20,19,-1.70956851843493,1422.5625,3.03019478535675,88,0,2,100,0,0,-0.514338436492473,3,0.194791757721925,0.754042386785436,404,1.44715803134222,17,2.26951294421792,1.55243701746406,160,28,2.43775056282039,48,7.67821550369263,11.5,42,39,3,30,33,24,7.40000009536743,39,6.4,18.1,5.2,2.40824939417346,3,2.56096933717349,0.695783918569872,-5.5,0,0,4.3497985965102,NA,0.057223072
"471",42.70785,-112.42268,-3.42893914042752,NA,349,14,20,20,19,-1.74165938450079,1682.4375,3.03019478535675,88,0,2,100,0,0,-0.513891310774835,4,0.194791757721925,0.754042386785436,404,1.44715803134222,17,2.26951294421792,1.55243701746406,160,31,2.43775056282039,47,4.95649242401123,11.5,42,39,3,30,33,24,6.80000019073486,39,6.4,18.1,5.2,2.40824939417346,7,2.56096933717349,0.695783918569872,-5.421875,0,0,4.3497985965102,NA,0.029893905
"472",37.3688556,140.1720417,-4.82320655120767,5.8,871,36,25,12,7,-1.53581832330008,705.625,3.20221577580113,69,1.86923171973098,10,0,1.48572142648158,0,-0.460138138098854,6,1.63126108338326,2.46259413490283,1421,1.88081359228079,0,2.62736585659273,1.92603359667884,796,37,1.82607480270083,36,9.07805156707764,10.1,40,45,15,24,90,100,5.19999980926514,98,5.7,22.7,9.5,3.04139364905648,6.90000009536743,2.50770635175989,1.15954903854415,-7.640625,0,33,4.51917773141895,NA,0.006207453
"473",37.3683583,140.1721389,-3.99437693608772,6.4,871,36,25,12,7,-1.53581832330008,705.625,3.20221577580113,69,1.86923171973098,10,0,1.48572142648158,0,-0.460138138098854,6,1.63126108338326,2.46259413490283,1421,1.88081359228079,0,2.62736585659273,1.92603359667884,796,37,1.82607480270083,36,9.07805156707764,10.1,40,45,15,24,90,100,5.19999980926514,98,5.7,22.7,9.5,3.04139364905648,6.90000009536743,2.50770635175989,1.15954903854415,-7.640625,0,33,4.51917773141895,NA,0.015269002
"474",37.3998722,140.17075,-4.28289344462189,6.9,871,36,23,12,7,-1.19579607461724,657.875,3.20221577580113,69,1.86923171973098,10,0,1.48572142648158,0,-0.541953843398156,6.19999980926514,1.63126108338326,2.46259413490283,1421,1.88081359228079,0,2.62736585659273,1.92603359667884,796,39,1.82607480270083,35,8.0199146270752,10.1,40,45,15,24,90,100,5.19999980926514,98,5.7,22.7,9.5,3.04139364905648,7.09999990463257,2.50770635175989,1.15954903854415,-4.59375,0,33,4.51917773141895,NA,0.010919676
"475",37.3983667,140.16295,-4.42853258564578,6.95,871,36,23,12,7,-1.19579607461724,646.125,3.20221577580113,69,1.86923171973098,10,0,1.48572142648158,0,-0.541953843398156,6.09999990463257,1.63126108338326,2.46259413490283,1421,1.88081359228079,0,2.62736585659273,1.92603359667884,796,39,1.82607480270083,35,13.6501226425171,10.1,40,45,15,24,90,100,5.19999980926514,98,5.7,22.7,9.5,3.04139364905648,7.19999980926514,2.50770635175989,1.15954903854415,-20.1796875,0,33,4.51917773141895,NA,0.009566076
"476",-34.9712056,138.6819056,-5.5503309248777,NA,610,57,13,24,14,-1.46583722860513,343.5,3.07554696139253,40,0.845098040014257,12,0,0.113943352306837,1.44715803134222,-1.59704452918985,5.09999990463257,2.4372573427689,2.70684745405913,746,1.81954393554187,26,3.53478735862949,2.32734871557242,88,68,1.93449845124357,17,10.7916030883789,5.7,18,59,0,0,17,74,5.90000009536743,55,12.5,21.6,14.5,2.12541069811441,3.40000009536743,2.43517317966578,0.652577158488401,-10.3984375,25,1,4.11016666053262,NA,0.001551831
"477",-34.9028806,138.7029861,-5.34641577003907,NA,638,68,14,24,17,-1.37196634330195,267.4375,3.15503222879097,45,0.301029995663981,15,0,0.146128035678238,1.44715803134222,-0.548444095651981,5.30000019073486,1.86726708868086,2.25533764439027,781,1.93951925261862,34,3.22505069613805,2.02797307605475,85,65,2.17897694729317,20,10.4176816940308,6.2,18,59,0,0,18,91,5.80000019073486,58,11.3,20.5,14.1,2.12541069811441,2.70000004768372,2.43517317966578,0.652577158488401,-5.9609375,9,1,4.11016666053262,NA,0.002224297
"478",-34.8823472,138.7024639,-5.50718751920427,NA,638,68,7,24,17,-1.4352266595594,155.5625,3.15503222879097,45,0.301029995663981,15,0,0.146128035678238,1.44715803134222,-0.685107066078627,4.40000009536743,1.86726708868086,2.25533764439027,781,1.93951925261862,34,3.22505069613805,2.02797307605475,85,64,2.17897694729317,17,4.61935091018677,6.2,18,59,0,0,18,91,6,58,11.3,20.5,14.1,2.12541069811441,2.09999990463257,2.43517317966578,0.652577158488401,-1.5390625,9,1,4.11016666053262,NA,-0.000533108
"479",-34.8737361,138.7543611,-3.71255987514307,NA,638,68,13,24,17,-1.17974992484424,193.125,3.15503222879097,45,0.301029995663981,15,0,0.146128035678238,1.44715803134222,-0.441435484599618,5.09999990463257,1.86726708868086,2.25533764439027,781,1.93951925261862,34,3.22505069613805,2.02797307605475,85,64,2.17897694729317,21,7.26887035369873,6.2,18,59,0,0,18,91,5.90000009536743,58,11.3,20.5,14.1,2.12541069811441,3.20000004768372,2.43517317966578,0.652577158488401,-9.5546875,9,1,4.11016666053262,NA,0.018769291
"480",53.071374,13.026283,-4.02939908640182,9.5,485,18,9,7,14,-0.67255983999591,75.625,1.72427586960079,69,0,0,0,0.7481880270062,1.89762709129044,-0.221882558006886,4.5,1.13168280946141,1.65191735200769,575,1.60205999132796,6,2.68304703823885,1.57861629144874,142,77,1.44715803134222,13,0.913732051849365,1.7,23,70,24,27,59,60,5.19999980926514,75,9.1,17.5,8.3,3.25296120107211,6.5,2.47296172028069,1.06843902086046,0.65625,0,6,4.82185530111826,9.5,-0.003297081
"481",53.055068,12.915662,-3.86654178597341,NA,485,18,7,7,14,-1.02475985486302,58.25,1.72427586960079,69,0,0,0,0.7481880270062,1.89762709129044,-0.622577613600092,4.5,1.13168280946141,1.65191735200769,575,1.60205999132796,6,2.68304703823885,1.57861629144874,142,81,1.44715803134222,11,1.18169045448303,1.7,23,70,24,27,59,60,5.30000019073486,75,9.1,17.5,8.3,3.25296120107211,7.40000009536743,2.50770635175989,1.06843902086046,-0.921875,0,6,4.82185530111826,NA,-0.011762502
"482",53.105155,13.055109,-2.85503645433411,8.4,485,17,10,10,20,-1.16823935561009,70.375,1.82607480270083,58,1.04139268515823,1,0,0.819543935541869,1.85733249643127,0.250344715897572,4.40000009536743,0.707399831133249,1.43719545247852,575,1.61278385671974,8,2.70671778233676,1.39593764508004,151,74,1.07918124604762,15,1.16473078727722,1.6,28,62,23,26,53,60,5.5,75,9.1,17.5,8.3,3.25296120107211,7.19999980926514,2.47296172028069,1.06843902086046,-1.0546875,0,8,4.82185530111826,8.4,-0.005778244
"483",53.188708,13.090259,-5.32334906162038,NA,482,17,11,11,13,-1.15570826825624,68.25,1.80617997398389,57,1.67209785793572,4,0,0.991226075692495,2.37657695705651,-0.729997297576032,4.40000009536743,1.45155618307643,1.72417752764123,572,1.61278385671974,5,2.72345567203519,2.14892948644798,165,72,1.25527250510331,16,1.27157521247864,1.6,27,62,22,24,56,61,5.40000009536743,77,8.9,17.4,8.1,3.25296120107211,7.80000019073486,2.47296172028069,1.06843902086046,-0.4765625,4,10,4.82185530111826,NA,0.000935905000000001
"484",42.7903056,-1.9087778,-5.81159866969471,8.3,696,78,26,23,43,-1.78000776805583,675.4375,3.84073323461181,39,0.301029995663981,0,68,0.255272505103306,1.92941892571429,-0.8214366306545,4.59999990463257,0.460296326757475,1.00030389978481,937,1.90848501887865,38,2.70329137811866,2.13529170447575,627,34,2.40140054078154,36,9.28101921081543,9.3,38,39,1,5,33,97,6.90000009536743,80,9.2,19.1,11,2.83703242269348,5.19999980926514,2.47296172028069,0.967190333511749,1.1328125,0,4,4.50717521008835,8.1,0.000225216
"485",42.7344444,-1.99925,-3.14897776985017,9.7,657,76,23,23,28,-1.23530907085325,568.375,3.40925665203891,62,0.301029995663981,5,80,0,0.301029995663981,0.415089524586085,4.30000019073486,1.49358351121327,1.49828297866137,821,1.83884909073726,39,2.60745502321467,3.05063685363815,540,26,2.05307844348342,48,5.12512683868408,8.5,38,38,0,5,46,91,7.30000019073486,75,10.4,20.2,11.2,2.83703242269348,3.90000009536743,2.47296172028069,0.967190333511749,-0.109375,1,0,4.50717521008835,9.4,0.037997632
"486",42.7420833,-2.0284444,-3.61967008339797,9.1,657,76,26,23,28,-1.37410099643822,703.5625,3.40925665203891,62,0.301029995663981,5,80,0,0.301029995663981,-0.507902929240671,4.90000009536743,1.49358351121327,1.49828297866137,821,1.83884909073726,39,2.60745502321467,3.05063685363815,540,31,2.05307844348342,40,11.5978851318359,8.5,38,38,0,5,46,91,6.59999990463257,75,10.4,20.2,11.2,2.83703242269348,5.59999990463257,2.50770635175989,0.967190333511749,-8.421875,1,0,4.50717521008835,8.4,0.000954152
"487",42.69225,-2.2478333,-3.09233835467583,NA,652,75,27,23,14,-1.61796825514216,583.4375,3.20736503746907,81,0.301029995663981,10,92,0,0.301029995663981,-0.803779103181284,4.69999980926514,0.874887510846112,1.17507672117621,810,1.85733249643127,41,2.55870857053317,2.47591949310159,610,27,2.14921911265538,44,5.07535266876221,9.1,39,38,1,6,53,95,6.19999980926514,76,9.1,18.9,10.8,2.83703242269348,6.09999990463257,2.50770635175989,0.967190333511749,-1.1875,0,0,4.50717521008835,9.2,0.038975784
"488",12.6201,75.1357,-2.99701269294114,NA,1001,104,28,34,68,-2.167377131609,84.5,3.46849502450707,65,0.698970004336019,21,0,0,0,0.128721677701779,3.5,2.10732531380116,2.8121081636703,4214,3.14301480025409,0,2.68663626926229,2.98031704172965,3069,46,1.65321251377534,23,3.24442648887634,5.2,37,29,0,0,28,100,5.59999990463257,72,25.3,28.9,26.7,2.78080669476896,3.29999995231628,2.54530704094664,1.62311936778112,-5.0078125,19,0,3.79502044789446,NA,-0.072749873
"489",12.6783333,75.1721667,-2.17756659873645,NA,1007,104,28,33,59,-2.07812577705216,85.6875,3.73086299204649,66,0.845098040014257,19,0,0,0,-0.898111355013898,3.59999990463257,2.21592030466786,2.6697583902837,4260,3.14457420760962,2,2.61384182187607,3.37759398512718,3071,46,1.65321251377534,24,3.69711112976074,5.1,36,31,0,0,29,100,5.59999990463257,71,25.4,29,26.7,2.78080669476896,3.5,2.54530704094664,1.62311936778112,-2.671875,8,0,3.79502044789446,NA,0.048548541
"490",12.8006167,74.9273167,-1.60884488830767,NA,977,106,31,24,55,NA,55.75,3.457730548246,48,1.99122607569249,26,0,0,0,NA,3.29999995231628,2.05989270558846,3.11051092415427,3734,3.07554696139253,4,2.8318697742805,2.35983168935842,3057,49,1.65321251377534,16,3.78967952728271,1.3,38,38,0,0,20,100,5.80000019073486,71,25.7,29.1,27.2,NA,2.79999995231628,NA,NA,-3.3984375,94,0,NA,NA,0.131521397
"491",12.9259333,74.8793333,-2.25645174074017,NA,996,106,27,34,36,NA,20.5,3.41630758705988,49,1.23044892137827,21,0,0,0,NA,3.29999995231628,2.6957188975871,2.76634516924035,4408,3.07809415040641,7,2.34439227368511,3.94423391798082,3085,46,1.50514997831991,18,2.19067454338074,4.7,39,27,0,0,26,100,5.80000019073486,70,25.7,29.1,26.4,NA,2.70000004768372,NA,NA,-1.7265625,26,1,NA,NA,-0.002145277
"492",54.688925,-2.3833472,-5.25285425469377,12,518,71,11,17,1,-1.62634128220231,577.875,2.8055008581584,2,0.954242509439325,0,100,0.462397997898956,1.6232492903979,0.467440207170625,6.5,0.195899652409234,0.677059177392161,1246,2.02118929906994,39,1.94939000664491,1.85615468653763,877,52,2.12385164096709,35,1.86272025108337,4.9,31,52,3,21,294,87,4.40000009536743,96,12,12.5,5.9,2.89102631432429,13.6999998092651,2.76096356562787,0.898132339100358,-1.4453125,0,14,4.63022709613055,11.4,0.002197632
"493",54.6869917,-2.3787056,-4.38395433148807,11,518,71,13,17,1,-1.36474902333772,574.9375,2.8055008581584,2,0.954242509439325,0,100,0.462397997898956,1.6232492903979,-0.170937313530095,6.59999990463257,0.195899652409234,0.677059177392161,1246,2.02118929906994,39,1.94939000664491,1.85615468653763,877,50,2.12385164096709,35,2.75963687896729,4.9,31,52,3,21,294,87,4.5,96,12,12.5,5.9,2.89102631432429,13.3999996185303,2.76096356562787,0.898132339100358,-1.125,0,14,4.63022709613055,11.1,0.009515384
"494",54.6945611,-2.3822639,-5.82430299129697,10.6,518,71,15,17,1,-1.62634128220231,548.75,2.8055008581584,2,0.954242509439325,0,100,0.462397997898956,1.6232492903979,0.467440207170625,6.69999980926514,0.195899652409234,0.677059177392161,1246,2.02118929906994,39,1.94939000664491,1.85615468653763,877,48,2.12385164096709,35,1.39729654788971,4.9,31,52,3,21,294,87,4.59999990463257,96,12,12.5,5.9,2.89102631432429,13.3000001907349,2.76096356562787,0.898132339100358,-0.0703125,0,14,4.63022709613055,10.6,-0.000295624
"495",54.7008389,-2.383175,-6.01997760832732,11.5,518,71,17,17,1,-1.62634128220231,563.8125,2.8055008581584,2,0.954242509439325,0,100,0.462397997898956,1.6232492903979,0.467440207170625,6.80000019073486,0.195899652409234,0.677059177392161,1246,2.02118929906994,39,1.94939000664491,1.85615468653763,877,47,2.12385164096709,36,3.17432641983032,4.9,31,52,3,21,294,87,4.59999990463257,96,12,12.5,5.9,2.89102631432429,13.1999998092651,2.76096356562787,0.898132339100358,-0.640625,0,14,4.63022709613055,11.1,-0.000484335
"496",42.4377333,-8.377475,-3.4594335007237,9.8,686,29,10,14,0,-1.78429066152545,577.25,3.41547416810924,100,0,0,0,0,0,0.630678536951598,5.80000019073486,0.859678576628448,1.65840256272431,1512,2.26245108973043,5,2.62117628177504,2.16916285248786,1094,61,2.38738982633873,27,4.91064643859863,9.3,35,51,8,3,70,92,4.90000009536743,87,9.6,18.9,12.4,2.35627940453317,8.60000038146973,2.65114601987935,0.519437253063562,-4.359375,0,0,4.47417527237622,9.3,0.026844816
"497",42.3885861,-8.3773,-5.29786366948412,9.2,688,29,11,14,0,-1.67848007952664,694.5,3.36398782974849,100,0,0,0,0.204119982655925,1.36172783601759,0.602957978443431,5.69999980926514,0.955639653023252,1.68135884287274,1515,2.26481782300954,4,2.66745295288995,2.23213937561043,1094,57,2.47275644931721,30,6.05419158935547,9.3,36,51,9,3,69,92,4.90000009536743,86,9.5,18.9,12.4,2.35627940453317,7.69999980926514,2.65114601987935,0.519437253063562,-5.2578125,1,0,4.47417527237622,7.5,0.000910982
"498",42.3507222,-8.3775472,-4.74850986584017,9.3,688,29,11,14,0,-1.57279788554292,703.8125,3.36398782974849,100,0,0,0,0.204119982655925,1.36172783601759,0.576112777252253,5.59999990463257,0.955639653023252,1.68135884287274,1515,2.26481782300954,4,2.66745295288995,2.23213937561043,1094,60,2.47275644931721,28,12.1978425979614,9.3,36,51,9,3,69,92,5,86,9.5,18.9,12.4,2.35627940453317,7.19999980926514,2.65114601987935,0.519437253063562,4.0703125,1,0,4.47417527237622,9.4,0.005506727
"499",42.3136833,-8.4864972,-5.33093333115191,11.1,688,29,12,14,0,-1.92085633364521,311.5625,3.36398782974849,100,0,0,0,0.204119982655925,1.36172783601759,-0.67605920527604,6,0.955639653023252,1.68135884287274,1515,2.26481782300954,4,2.66745295288995,2.23213937561043,1094,60,2.47275644931721,27,7.61079263687134,9.3,36,51,9,3,69,92,5,86,9.5,18.9,12.4,2.35627940453317,8.69999980926514,2.65114601987935,0.519437253063562,-4.9375,1,0,4.47417527237622,NA,0.002194506
"500",12.5839167,75.4629833,-2.66739855068969,NA,1025,104,23,31,24,-2.20004374665758,175.3125,3.43727479741012,99,1.38021124171161,1,0,0,0,-0.878502023730956,3.59999990463257,1.98621619853104,2.22098103155949,4311,3.17666993266815,1,2.31806333496276,3.42634336677862,2488,55,1.92427928606188,20,5.94191741943359,11.3,36,33,0,0,25,100,5.59999990463257,73,24.9,28.8,25.3,2.78080669476896,2.79999995231628,2.54530704094664,1.62311936778112,-0.8125,2,0,3.79502044789446,NA,0.043518025
"501",12.65185,75.6211833,-4.29803054576632,NA,971,95,29,31,23,-2.30217153855375,153.5,3.44247976906445,100,1.23044892137827,1,0,0,0,-0.819092479538297,3.70000004768372,1.64009367845302,2.23724958499308,3561,3.10754912974469,3,2.38021124171161,2.83408674719865,1448,49,2.47275644931721,19,4.28352785110474,12.1,33,36,0,0,24,100,5.59999990463257,70,22.2,26.4,23.7,2.78080669476896,2.90000009536743,2.7022984798527,1.62311936778112,-5.1796875,2,0,3.79502044789446,NA,-0.080506837
"502",12.6393333,75.5782833,-2.41698083700575,NA,1019,109,26,30,24,-2.31387200727733,171.8125,3.33945144130644,100,0.903089986991944,0,0,0,0,-0.823701426570314,3.40000009536743,1.66053346669809,2.24491510198081,3649,3.0920184707528,2,2.38916608436453,2.88455011934518,1833,51,1.69897000433602,20,3.8279914855957,12.4,35,35,0,0,23,100,5.59999990463257,72,25.3,29.3,25.1,2.78080669476896,2.90000009536743,2.7022984798527,1.62311936778112,0.9921875,0,0,3.79502044789446,NA,0.057848922
"503",12.6437333,75.5754333,-2.70123600059081,NA,1019,109,27,30,24,-2.31387200727733,161.75,3.33945144130644,100,0.903089986991944,0,0,0,0,-0.823701426570314,3.40000009536743,1.66053346669809,2.24491510198081,3649,3.0920184707528,2,2.38916608436453,2.88455011934518,1833,50,1.69897000433602,20,5.1291937828064,12.4,35,35,0,0,23,100,5.59999990463257,72,25.3,29.3,25.1,2.78080669476896,2.90000009536743,2.7022984798527,1.62311936778112,0.5546875,0,0,3.79502044789446,NA,0.02991553
"504",-0.4231333,-79.0032167,-2.34997190132807,16.1,823,84,31,12,20,-2.00521494091196,1984.9375,4.11407696082409,12,0,1,0,0.113943352306837,1.99122607569249,-1.06747004874578,6.69999980926514,1.57403126772772,1.53552196990297,1163,1.69019608002851,34,2.72263392253381,3.29888013713232,1487,38,2.86451108105839,28,18.1148948669434,17.1,35,53,0,0,71,72,5.19999980926514,74,16.3,17,10.6,2.67436346682912,5.19999980926514,2.47296172028069,1.00322179869902,14.796875,2,0,4.30847478903671,15.4,0.024046356
"505",-0.4219167,-79.0036833,-2.2869268555553,15.6,823,84,31,12,20,-2.00521494091196,1984.9375,4.11407696082409,12,0,1,0,0.113943352306837,1.99122607569249,-1.06747004874578,6.69999980926514,1.57403126772772,1.53552196990297,1163,1.69019608002851,34,2.72263392253381,3.29888013713232,1487,38,2.86451108105839,28,18.1148948669434,17.1,35,53,0,0,71,72,5.19999980926514,74,16.3,17,10.6,2.67436346682912,5.19999980926514,2.47296172028069,1.00322179869902,14.796875,2,0,4.30847478903671,15.1,-0.00146450400000001
"506",-0.4230333,-79.0047667,-2.43284481480345,16,823,84,31,12,20,-2.00521494091196,1984.9375,4.11407696082409,12,0,1,0,0.113943352306837,1.99122607569249,-1.06747004874578,6.69999980926514,1.57403126772772,1.53552196990297,1163,1.69019608002851,34,2.72263392253381,3.29888013713232,1487,38,2.86451108105839,28,18.1148948669434,17.1,35,53,0,0,71,72,5.19999980926514,74,16.3,17,10.6,2.67436346682912,5.19999980926514,2.47296172028069,1.00322179869902,14.796875,2,0,4.30847478903671,15.6,-0.005457803
"507",-0.4230333,-79.00495,-2.26503456228082,15.5,823,84,31,12,20,-2.00521494091196,1984.9375,4.11407696082409,12,0,1,0,0.113943352306837,1.99122607569249,-1.06747004874578,6.69999980926514,1.57403126772772,1.53552196990297,1163,1.69019608002851,34,2.72263392253381,3.29888013713232,1487,38,2.86451108105839,28,18.1148948669434,17.1,35,53,0,0,71,72,5.19999980926514,74,16.3,17,10.6,2.67436346682912,5.19999980926514,2.47296172028069,1.00322179869902,14.796875,2,0,4.30847478903671,15.3,0.054995204
"508",-41.13655,-71.3523,-3.58344527716917,3.7,586,15,12,13,0,-2.15426116402847,899.6875,3.3859635706007,31,1.54406804435028,0,0,1.48713837547719,2.97680833733807,-1.1015214938747,7,0.726401162102922,1.35314654621398,985,2.07554696139253,3,2.67669360962487,2.36504410385179,1070,63,2.43933269383026,24,10.9222040176392,12.3,24,60,31,18,99,86,5.80000019073486,72,2,12.9,7,2.27126328959026,5.80000019073486,2.93838771864774,0.300361448638832,-5.1015625,2,29,4.60823496185804,1.7,0.009481568
"509",-41.1414333,-71.4075333,-4.67877280892916,3.4,586,15,10,13,0,-2.27925142620938,891.1875,3.3859635706007,31,1.54406804435028,0,0,1.48713837547719,2.97680833733807,-1.2305610673998,7,0.726401162102922,1.35314654621398,985,2.07554696139253,3,2.67669360962487,2.36504410385179,1070,62,2.43933269383026,25,7.72277927398682,12.3,24,60,31,18,99,86,5.59999990463257,72,2,12.9,7,2.27126328959026,5.30000019073486,2.93838771864774,0.300361448638832,-0.8203125,2,29,4.60823496185804,1.5,0.000682469999999999
"510",-41.23665,-71.43175,-4.96644196491645,2.8,586,15,9,13,0,NA,844.875,3.3859635706007,31,1.54406804435028,0,0,1.48713837547719,2.97680833733807,NA,6.59999990463257,0.726401162102922,1.35314654621398,985,2.07554696139253,3,2.67669360962487,2.36504410385179,1070,60,2.43933269383026,27,7.41442346572876,12.3,24,60,31,18,99,86,5.90000009536743,72,2,12.9,7,2.27126328959026,5,2.93838771864774,0.300361448638832,-4.5859375,2,29,4.60823496185804,1.9,-0.000277482
"511",-41.2449667,-71.4392167,-5.13487184646794,5.6,586,15,9,13,0,-2.5493692806098,878.875,3.3859635706007,31,1.54406804435028,0,0,1.48713837547719,2.97680833733807,-0.0848618638858434,6.80000019073486,0.726401162102922,1.35314654621398,985,2.07554696139253,3,2.67669360962487,2.36504410385179,1070,59,2.43933269383026,28,13.9552536010742,12.3,24,60,31,18,99,86,5.90000009536743,72,2,12.9,7,2.27126328959026,5.40000009536743,2.93838771864774,0.300361448638832,-12.1484375,2,29,4.60823496185804,2.8,-0.001060835
"512",-22.4451667,-42.7066667,-2.23159731931496,21.8,1160,81,23,27,5,-1.99775664665822,259.625,3.33745926129066,65,0.477121254719662,2,0,0,0,-0.834749914736114,4,0.414304688128332,1.05411490051059,1493,2.07188200730613,10,1.11394335230684,1.78903044537018,622,53,2.51454775266029,22,12.2649326324463,17.6,22,51,0,0,44,62,5.5,82,20.5,23.7,20.4,2.77292773735472,3.09999990463257,2.68589061813729,1.19772495136364,-16.578125,0,0,4.21253590689769,23.1,0.046133136
"513",-22.43,-42.7133333,-2.20051255682135,21.4,1160,81,23,27,5,-2.05870707876774,346,3.33745926129066,65,0.477121254719662,2,0,0,0,-0.784249617828966,4.09999990463257,0.414304688128332,1.05411490051059,1493,2.07188200730613,10,1.11394335230684,1.78903044537018,622,56,2.51454775266029,18,14.6647424697876,17.6,22,51,0,0,44,62,5.40000009536743,82,20.5,23.7,20.4,2.77292773735472,3.20000004768372,2.68589061813729,1.19772495136364,-13.6640625,0,0,4.21253590689769,22.4,0.060168256
"514",-22.455,-42.6798333,-2.17141423549165,21.9,1176,84,23,27,5,-1.87693846734107,323.25,3.4679039465228,51,0.698970004336019,1,0,0,0,-0.873057636323607,4.19999980926514,1.12021186825707,1.39922362152727,1464,2.07554696139253,13,1.92941892571429,2.56960094764394,669,52,1.74036268949424,23,16.7947216033936,13.7,22,51,0,0,36,63,5.5,81,22.1,25.7,21.7,2.77292773735472,3.40000009536743,2.68589061813729,1.19772495136364,-22.8515625,1,0,4.21253590689769,NA,0.040715188
